sentence,image_1,image_2,label_image1,label_image2
A girl sits on a ball.,http://static4.depositphotos.com/1008070/337/i/950/depositphotos_3378395-stock-photo-beach-ball-girl.jpg,https://c8.alamy.com/comp/W4R8FJ/guy-and-girl-sit-on-white-soft-couch-and-discuss-joint-plans-for-future-W4R8FJ.jpg,0,1
Girl sits on a ball.,https://c8.alamy.com/comp/C3TN7M/portrait-of-a-young-girl-sitting-on-gymnastic-ball-looking-at-camera-C3TN7M.jpg,https://thumbs.dreamstime.com/z/%E7%94%B7%E5%AD%A9%E5%92%8C%E5%A5%B3%E5%AD%A9%E5%9C%A8%E8%AE%A1%E7%AE%97%E6%9C%BA%E5%9D%90-89278915.jpg,0,1
A woman plays ball in the pool.,https://thumbs.dreamstime.com/z/%D0%BC%D0%BE%D0%BB%D0%BE%D0%B4%D0%B0%D1%8F-%D1%81%D0%B5%D0%BA%D1%81%D1%83%D0%B0%D0%BB%D1%8C%D0%BD%D0%B0%D1%8F-%D0%B6%D0%B5%D0%BD%D1%89%D0%B8%D0%BD%D0%B0-%D0%B2-%D1%80%D0%BE%D0%B7%D0%BE%D0%B2%D0%BE%D0%B9-%D0%B8%D0%B3%D1%80%D0%B5-%D0%BA%D1%83%D0%BF%D0%B0%D0%BB%D1%8C%D0%BD%D0%B8%D0%BA%D0%B0-%D1%81-%D1%88%D0%B0%D1%80%D0%B8%D0%BA%D0%BE%D0%BC-124966815.jpg,https://st3.depositphotos.com/1177973/17188/i/1600/depositphotos_171882056-stock-photo-cute-little-children-playing-with.jpg,0,1
ball player walks,https://cdn.vox-cdn.com/thumbor/KWoxt5gvkC9ktEdrnMH7Ps8twFU=/1400x1400/filters:format(jpeg)/cdn.vox-cdn.com/uploads/chorus_asset/file/10798941/4BallNonWalk_Getty_Ringer.jpg,https://ichef.bbci.co.uk/onesport/cps/624/cpsprodpb/B7BC/production/_105163074_ak8i1998.jpg,0,1
The dog sits on the street.,https://thumbs.dreamstime.com/b/%D1%81%D0%BE%D0%B1%D0%B0%D0%BA%D0%B0-%D0%B1%D1%80%D0%B0%D0%B9%D0%BD%D0%B0-%D1%81%D0%B8-%D1%8F-%D0%BE%D0%BA%D0%BE-%D0%BE-%D0%BE%D1%80%D0%BE%D0%B3%D0%B8-62926114.jpg,https://get.wallhere.com/photo/grass-dog-wet-Fetch-stay-training-animal-cute-plant-meadow-sit-lawn-snout-grass-family-dog-like-mammal-canine-dog-breed-retriever-goldenretriever-command-sporting-group-771514.jpg,0,1
Three small persons sit in the meadow.,https://previews.123rf.com/images/lestertair/lestertair1401/lestertair140100508/25026720-children-sit-on-meadow-person.jpg,https://static2.bigstockphoto.com/6/5/2/large1500/256466077.jpg,0,1
A woman takes a rest on a couch.,https://c8.alamy.com/comp/X7DRR7/woman-lying-across-the-couch-arms-on-the-arm-rest-smiling-and-looking-forward-X7DRR7.jpg,https://static1.bigstockphoto.com/3/6/3/large1500/363372709.jpg,0,1
A woman walks in the park.,http://i1.ytimg.com/vi/8UE1Bsnmkis/maxresdefault.jpg,https://thumbs.dreamstime.com/z/%E5%A6%87%E5%A5%B3%E7%AB%8B%E5%9C%BA%E5%9C%A8%E5%85%AC%E5%9B%AD%E5%9C%A8%E9%87%91%E9%BB%84%E7%A7%8B%E5%A4%A9-%E6%A0%91%E8%83%8C%E6%99%AF-130211555.jpg,0,1
The dog stands on the grass.,https://images-na.ssl-images-amazon.com/images/I/41Sqnt9va-L._AC_.jpg,https://images.snapwi.re/4155/5735ab1aba702100147b23d2.w800.jpg,0,1
A woman sits in a field.,https://previews.123rf.com/images/studio-54/studio-541809/studio-54180900019/108577037-full-length-body-beautiful-girl-sit-on-soccer-green-grass-field-sporty-sexy-woman-with-football-ball.jpg,https://st3.depositphotos.com/4675069/15498/i/1600/depositphotos_154989568-stock-photo-gorgeous-man-and-woman-stand.jpg,0,1
boy swim on the water,https://st4.depositphotos.com/7906424/22876/i/1600/depositphotos_228762078-stock-photo-boy-swim-underwater-swimming-pool.jpg,https://thumbs.dreamstime.com/z/%CF%87%CE%AD%CF%81%CE%B9-%CE%B5%CE%BD%CF%8C%CF%82-%CF%80%CE%BD%CE%AF%CE%B3%CE%BF%CE%BD%CF%84%CE%B1%CF%82-%CF%80%CF%81%CE%BF%CF%83%CF%8E%CF%80%CE%BF%CF%85-%CF%83%CE%B5-%CE%BC%CE%B9%CE%B1-%CF%80%CE%B9%CF%83%CE%AF%CE%BD%CE%B1-122819234.jpg,0,1
A man runs through water.,https://c8.alamy.com/comp/P2MF33/young-man-running-into-the-water-of-a-lake-freilassing-bavaria-germany-P2MF33.jpg,https://thumbs.dreamstime.com/z/%D0%B1%D0%B5%D0%B3-%D1%87%D0%B5%D0%BB%D0%BE%D0%B2%D0%B5%D0%BA%D0%B0-%D0%B2-%D0%BB%D0%B5%D1%81%D0%B5-%D0%B0%D1%82%D0%BB%D0%B5%D1%82%D0%B8%D1%87%D0%B5%D1%81%D0%BA%D0%B8%D0%B9-%D1%85%D0%BE%D0%B4-%D1%87%D0%B5%D0%BB%D0%BE%D0%B2%D0%B5%D0%BA-%D0%B1%D0%B5%D0%B6%D0%B0%D1%82%D1%8C-%D0%BD%D0%B0-%D1%81%D0%BB%D0%B5%D0%B4%D0%B5-%D0%BB%D0%B5%D1%81%D0%B0-142539784.jpg,0,1
A person walks through water.,https://cdn.pixabay.com/photo/2019/07/01/20/47/man-4310849_1280.jpg,https://p0.pikist.com/photos/881/291/boy-walk-bucket-alone-sand-beach-seaside-sea-seascape-thumbnail.jpg,0,1
A child run with another Child in the water,https://media.istockphoto.com/photos/kids-girl-and-boy-run-and-jump-into-water-on-beach-picture-id1204131440?k=6&m=1204131440&s=170667a&w=0&h=7GMcKjhIbznKIf1sd_UkXkX_dstLG_put_acIBmjc9g=,http://i1.ytimg.com/vi/leSN6WI1KwU/maxresdefault.jpg,0,1
A man runs on water.,https://c8.alamy.com/comp/H3YTH0/beach-women-man-run-water-shallowly-blur-summer-summer-vacation-leisure-H3YTH0.jpg,http://i1.ytimg.com/vi/leSN6WI1KwU/maxresdefault.jpg,0,1
A child is running in the water.,https://thumbs.dreamstime.com/b/%E6%97%A5%E8%90%BD%E6%97%B6%E5%9C%A8%E6%B5%B7%E6%BB%A9%E4%B8%8A%E5%A5%94%E8%B7%91%E7%9A%84%E5%AD%A9%E5%AD%90-%E7%94%B7%E5%AD%A9%E5%9C%A8%E6%B2%99%E6%BB%A9%E4%B8%8A%E8%B7%91%E6%AD%A5%E7%8E%A9%E4%B9%90%EF%BC%8C%E5%9C%A8%E5%BA%A6%E5%81%87%E6%97%B6%E8%B7%B3%E8%B7%83-%E5%9C%A8%E8%93%9D%E6%B5%B7%E4%B8%8A%E5%A5%94%E6%B3%A2%E7%9A%84%E5%B0%8F%E5%AD%A9-170522920.jpg,https://thumbs.dreamstime.com/z/%CF%80%CE%B1%CE%B9-%CE%AF-%CF%80%CE%BF%CF%85-%CF%84%CF%81%CE%AD%CF%87%CE%B5%CE%B9-%CF%83%CE%B5-%CE%AD%CE%BD%CE%B1%CE%BD-%CF%84%CE%BF%CE%BC%CE%AD%CE%B1-82776797.jpg,0,1
A person walks along some shallow water.,https://i.pinimg.com/originals/ff/a8/3b/ffa83b6d82c9fa3a6e3abd7acb9003a4.jpg,https://previews.123rf.com/images/spotpoint74/spotpoint741902/spotpoint74190200070/118656240-woman-athlete-runner-run-with-cup-of-water-in-water-point-of-marathon-race.jpg,0,1
A woman walks in water.,https://static2.bigstockphoto.com/0/4/3/large1500/340697431.jpg,https://cdn.pixabay.com/photo/2019/07/01/20/47/man-4310849_1280.jpg,0,1
A child run with another Child in the water,https://media.istockphoto.com/photos/kids-girl-and-boy-run-and-jump-into-water-on-beach-picture-id1204131440?k=6&m=1204131440&s=170667a&w=0&h=7GMcKjhIbznKIf1sd_UkXkX_dstLG_put_acIBmjc9g=,https://ochsner-craft.s3.amazonaws.com/blog/articles/_930x524_crop_center-center_75_none/ThinkstockPhotos-511349617-fun-run.jpg,0,1
A mother holds a girl.,https://static3.bigstockphoto.com/4/8/1/large1500/184145065.jpg,https://c8.alamy.com/comp/XE6R6W/cute-girl-hold-father-hand-in-the-park-XE6R6W.jpg,0,1
mother walks on beach,https://st4.depositphotos.com/1603423/22936/i/1600/depositphotos_229365588-stock-photo-mother-and-son-walking-on.jpg,https://c8.alamy.com/comp/2A72MRP/mother-and-son-on-a-dirt-road-in-a-path-between-the-rice-fields-rural-landscape-where-a-boy-and-his-mother-walk-along-a-road-in-the-middle-of-an-autu-2A72MRP.jpg,0,1
a mother holds her child,https://st4.depositphotos.com/22182556/26651/i/1600/depositphotos_266516562-stock-photo-asian-mother-hold-her-little.jpg,http://i.dailymail.co.uk/i/newpix/2018/05/09/19/4C06B61500000578-0-image-m-21_1525890098168.jpg,0,1
A mother and child run on the beach.,https://img.freepik.com/darmowe-zdjecie/matka-i-dziecko-biegaja-na-piaszczystej-plazy_167657-128.jpg?size=626&ext=jpg,https://previews.123rf.com/images/nadezhda1906/nadezhda19061601/nadezhda1906160100012/50763426-%E5%A4%8F%E3%81%AE%E3%83%93%E3%83%BC%E3%83%81%E3%80%81%E5%AE%B6%E6%97%8F%E3%81%A7%E3%81%AE%E4%BC%91%E6%9A%87%E3%81%AE%E4%B8%8A%E3%82%92%E6%AD%A9%E3%81%8F%E6%AF%8D%E3%81%A8%E6%81%AF%E5%AD%90.jpg,0,1
A woman sits on a chair.,https://image.shutterstock.com/image-photo/-260nw-447244399.jpg,https://previews.123rf.com/images/yayha/yayha1801/yayha180100316/93630876-close-up-stand-on-chair-studio-beautiful-woman-standing-with-a-white-chair-in-the-white-room-studio-.jpg,0,1
A woman stands near some trees.,https://as2.ftcdn.net/jpg/02/30/48/07/500_F_230480779_Yd5QgoLTpRKw3DGw38WeFCdRAcpodzu2.jpg,https://st.depositphotos.com/1712366/4353/i/950/depositphotos_43530141-stock-photo-woman-gold-zebra-shirt-stand.jpg,0,1
A woman walks through the meadow.,https://img.freepik.com/darmowe-zdjecie/mloda-kobieta-w-kapeluszu-chodzi-przez-laki-spaceruj-w-sloneczny-dzien-widok-z-tylu_134398-5585.jpg?size=626&ext=jpg,https://img4.goodfon.com/wallpaper/nbig/8/7a/zelen-trava-priroda-kon-loshad-koni-loshadi-belogrivyi-persi.jpg,0,1
A dog sitting in a meadow.,https://p0.pikist.com/photos/657/663/grass-animal-dog-cute-pet-meadow-sit.jpg,https://static1.bigstockphoto.com/3/5/3/large1500/353676950.jpg,0,1
A girl is sitting in the meadow.,http://thumbs.dreamstime.com/z/young-girl-sitting-meadow-12568691.jpg,https://c8.alamy.com/comp/W4R8FJ/guy-and-girl-sit-on-white-soft-couch-and-discuss-joint-plans-for-future-W4R8FJ.jpg,0,1
A boy runs near the sea.,https://static1.bigstockphoto.com/2/4/2/large1500/242669146.jpg,https://c8.alamy.com/comp/X4PAFA/run-sea-sand-sport-sprint-relax-exercise-beach-concept-X4PAFA.jpg,0,1
A WOMAN STANDS IN THE SHORE,https://previews.123rf.com/images/miraclemoments/miraclemoments1604/miraclemoments160400022/57420921-%E6%B5%B7%E5%B2%B8%E3%81%AE%E7%BE%8E%E3%81%97%E3%81%84%E5%84%AA%E3%81%97%E3%81%84%E5%A6%8A%E5%A9%A6%E3%82%B9%E3%82%BF%E3%83%B3%E3%83%89.jpg,https://previews.123rf.com/images/ibrave/ibrave1701/ibrave170100016/68577417-%E4%B8%B9%E5%BE%8C%E5%AE%88%E9%A0%BC%E7%A8%94%E3%81%AE%E5%A5%B3%E3%81%AE%E5%AD%90%E3%81%AF%E3%80%81%E3%83%93%E3%83%BC%E3%83%81%E3%81%AB%E5%BA%A7%E3%81%A3%E3%81%A6%E3%81%8F%E3%81%A0%E3%81%95%E3%81%84%E3%80%82.jpg,0,1
The man is sitting near the shore.,https://image.shutterstock.com/image-photo/handsome-man-sitting-on-beach-260nw-224508889.jpg,https://p0.pikist.com/photos/114/241/guy-man-male-people-back-stand-contemplate-surfer-surfboard.jpg,0,1
A couple walking on the shore.,https://c8.alamy.com/comp/2A3H3DD/romantic-couple-at-the-sunset-beach-holding-hands-and-looking-at-sea-love-and-tenderness-2A3H3DD.jpg,https://static2.bigstockphoto.com/2/9/2/large1500/292464964.jpg,0,1
A man walks on the shore.,https://previews.123rf.com/images/victoriadunn/victoriadunn2001/victoriadunn200101136/138952300-man-walks-along-the-sea-shore-a-morning-walk-by-the-sea-.jpg,https://c8.alamy.com/comp/B0R1FD/black-and-white-image-of-man-walking-near-lake-with-round-bouys-B0R1FD.jpg,0,1
The man sits by the shore.,https://as1.ftcdn.net/jpg/01/69/54/80/500_F_169548028_ME3KgiMkMIq8iO8Lh7BuThesVd9VS79e.jpg,https://c8.alamy.com/comp/TB2H2W/calm-woman-sitting-alone-on-a-sand-evening-beach-TB2H2W.jpg,0,1
A person runs on the street,https://i.pinimg.com/originals/27/d0/3c/27d03c3862afb70246d0f6b1534d55cb.jpg,https://c8.alamy.com/comp/2BW2GR8/children-and-toddlers-played-in-the-street-even-a-child-of-this-age-could-be-allowed-to-play-outside-wander-off-and-come-back-with-the-care-of-the-policeman-on-the-beat-2BW2GR8.jpg,0,1
A person stands by a lake.,https://media.istockphoto.com/photos/asian-young-man-stand-looking-mount-fuji-on-kawaguchiko-lake-at-dawn-picture-id907567752?k=6&m=907567752&s=612x612&w=0&h=g_ZgmrmVgWuCRoVkezpJpxf0Pfmcbe6qGI61u_lscTQ=,https://static1.bigstockphoto.com/0/5/3/large1500/350517826.jpg,0,1
A couple runs on the beach,https://i.pinimg.com/originals/ee/55/c1/ee55c1c787b4ba26532c186d13efb892.jpg,https://thumbs.dreamstime.com/z/%D1%87%D0%B5-%D0%BE%D0%B2%D0%B5%D0%BA-%D0%BD%D0%B0-%D1%83%D1%82%D1%80%D0%B5-%D0%BA%D0%BE%D1%82%D0%BE%D1%80%D1%8B%D0%B9-%D0%BF%D0%BE%D0%B1%D0%B5%D0%B6%D0%B0-%D0%B8-%D0%BD%D0%B0-%D0%BF-%D1%8F%D0%B6%D0%B5-85126774.jpg,0,1
The couple runs on the beach.,https://image.shutterstock.com/z/avopix-133463087.jpg,http://previews.123rf.com/images/chepko/chepko1109/chepko110900108/10676624-beauty-girl-run-on-beach-Stock-Photo-woman-beach-running.jpg,0,1
A couple goes for a walk in a park.,https://c8.alamy.com/comp/X404MD/full-length-of-couple-walking-while-looking-up-in-park-during-autumn-X404MD.jpg,https://i.pinimg.com/originals/d2/cd/83/d2cd834977f47ec13552e2bfd3c579ba.jpg,0,1
A person celebrates after a game.,https://i.insider.com/5adf9ed919ee8620008b486d?width=600&format=jpeg&auto=webp,http://i0.wp.com/i.ytimg.com/vi/e2e_VbAjx5g/maxresdefault.jpg,0,1
A man stands on a pier.,https://thumbs.dreamstime.com/z/%D1%81%D1%82%D0%BE%D0%B9%D0%BA%D0%B0-%D1%87%D0%B5%D0%BB%D0%BE%D0%B2%D0%B5%D0%BA%D0%B0-%D0%BD%D0%B0-%D0%B4%D0%B5%D1%80%D0%B5%D0%B2%D1%8F%D0%BD%D0%BD%D0%BE%D0%B9-%D0%BF%D1%80%D0%B8%D1%81%D1%82%D0%B0%D0%BD%D0%B8-%D0%B2-%D1%81%D0%B5%D1%80%D0%B5%D0%B4%D0%B8%D0%BD%D0%B5-%D0%BC%D0%BE%D1%80%D1%8F-%D0%BE%D0%B4%D0%B8%D0%BD%D0%BE%D1%87%D0%BD%D0%B0%D1%8F-143065430.jpg,https://thumbs.dreamstime.com/z/%D0%B7%D0%B0%D0%B1%D0%BE%D1%82-%D0%B8%D0%B2%D0%B0%D1%8F-%D1%81%D1%82%D0%BE%D0%B9%D0%BA%D0%B0-%D0%B6%D0%B5%D0%BD%D1%89%D0%B8%D0%BD%D1%8B-%D0%BD%D0%B0-%D0%BE%D0%B7%D0%B5%D1%80%D0%B5-91170979.jpg,0,1
The kid will run on the street.,https://mustsharenews.com/wp-content/uploads/2020/08/toddler-run-road-4.jpg,https://previews.123rf.com/images/famveldman/famveldman1712/famveldman171200266/92113245-child-on-beautiful-beach-little-boy-running-and-jumping-at-sea-shore-ocean-vacation-with-kid-childre.jpg,0,1
A kid walks along the coast of a beach.,https://p0.pikist.com/photos/377/243/walk-on-beach-kid-red-jacket-kids-jacket-beach-walk-boy-winter-solitude.jpg,https://thumbs.dreamstime.com/z/woman-her-child-walk-along-forest-trail-boy-backpack-travels-his-mother-hike-children-kid-walks-129373941.jpg,0,1
Girl is standing in the grass.,https://previews.123rf.com/images/aleksejzhagunov/aleksejzhagunov1610/aleksejzhagunov161000174/64162703-%E7%99%BD%E3%81%84%E3%83%89%E3%83%AC%E3%82%B9%E3%81%A7%E7%BE%8E%E3%81%97%E3%81%84%E3%83%95%E3%82%A1%E3%83%83%E3%82%B7%E3%83%A7%E3%83%B3%E3%81%AE%E5%B0%91%E5%A5%B3%E3%81%AB%E5%AF%BE%E6%8A%97%E9%87%8E%E8%8D%89.jpg,https://images-na.ssl-images-amazon.com/images/I/71QIUrsFg-L._AC_SX522_.jpg,0,1
A girl standing in grass.,https://image.shutterstock.com/image-photo/grass-outdoor-on-back-background-600w-708502795.jpg,https://c8.alamy.com/comp/E4RGJ3/sad-little-foxhound-puppy-dog-stand-on-green-grass-background-E4RGJ3.jpg,0,1
A girl sits in the grass.,http://previews.123rf.com/images/daynamore/daynamore1007/daynamore100700042/7352203-pretty-little-girl-sitting-in-the-grass-Stock-Photo-girl-tween-shorts.jpg,https://previews.123rf.com/images/tan4ikk/tan4ikk1812/tan4ikk181200002/112910869-little-blond-girl-sit-at-the-white-desk-and-laughing-in-the-school-classroom.jpg,0,1
A woman lies in the grass.,http://images.freeimages.com/images/premium/previews/1021/10212538-woman-lying-on-grass.jpg,https://static1.bigstockphoto.com/7/6/1/large1500/167709173.jpg,0,1
the man sits on the grass for lunch.,https://previews.123rf.com/images/klyots/klyots1803/klyots180300028/97393183-%E8%8B%A5%E3%81%84%E5%BC%B7%E3%81%84%E7%AD%8B%E8%82%89%E3%81%AE%E7%94%B7%E3%81%AF%E8%8D%89%E3%81%AE%E4%B8%8A%E3%81%AB%E5%BA%A7%E3%81%A3%E3%81%A6%E3%83%AA%E3%83%A9%E3%83%83%E3%82%AF%E3%82%B9-%E3%82%B8%E3%83%BC%E3%83%B3%E3%82%BA%E3%81%AE%E7%94%B7%E6%80%A7%E3%83%95%E3%82%A3%E3%83%83%E3%83%88%E3%83%8D%E3%82%B9%E3%83%A2%E3%83%87%E3%83%AB%E3%81%AF%E3%80%81%E3%83%87%E3%83%8B%E3%83%A0%E3%82%AB%E3%82%B8%E3%83%A5%E3%82%A2%E3%83%AB%E3%81%AA%E5%A4%96%E8%A6%B3%E3%80%81%E3%81%B2%E3%81%92%E3%81%A8%E7%9C%BC%E9%8F%A1%E3%82%92%E6%8C%81%E3%81%A4%E3%83%92%E3%83%83%E3%83%97%E3%82%B9%E3%82%BF%E3%83%BC%E3%81%AE.jpg,https://previews.123rf.com/images/joruba/joruba1212/joruba121200195/24090702-%E3%82%BF%E3%83%BC-%E3%83%86%E3%83%BC%E3%83%96%E3%83%AB%E3%81%AB%E5%BA%A7%E3%82%8A%E3%80%81%E3%82%A8%E3%83%AC%E3%82%AC%E3%83%B3%E3%83%88%E3%81%AA%E3%83%93%E3%82%B8%E3%83%8D%E3%82%B9%E3%81%AE%E7%94%B7%E6%80%A7.jpg,0,1
The man sits on the grass.,https://c8.alamy.com/comp/JEXG6N/young-black-tourist-man-sitting-down-on-green-grass-crrosing-his-legs-JEXG6N.jpg,https://c8.alamy.com/comp/RAT5FH/man-sitting-alone-on-a-desert-dune-RAT5FH.jpg,0,1
The player celebrates on the field with another player.,http://stat.ameba.jp/user_images/20190522/21/mt-capricorn/05/1f/j/o0850051014414564272.jpg,http://static1.squarespace.com/static/55e3484fe4b0eacb06361f7d/55e35980e4b0adbd82e7248f/58975ce46b8f5bc5ffe86cd1/1486321018405/1-TwcqMynM6R0paHZpuJP7wg.jpeg?format=1500w,0,1
A person swims in the sea.,https://static01.nyt.com/images/2011/07/19/science/19SWIM1_SPAN/19SWIM1_SPAN-articleLarge-v2.jpg?quality=75&auto=webp&disable=upscale,https://i3.wp.com/thumbs.dreamstime.com/z/happy-beautiful-slim-lady-runs-sea-beach-happy-slim-lady-run-sea-beach-140541403.jpg?strip=info,0,1
A woman is walking along the sea.,https://image.freepik.com/darmowe-zdjecie/portret-kobiety-piekny-mlody-azjatykci-spacer-na-plazy-i-dennym-oceanie-z-usmiechem-szczesliwym-relaksuje_74190-8309.jpg,https://st3.depositphotos.com/1719616/16691/i/1600/depositphotos_166919648-stock-photo-young-woman-walk-on-footpath.jpg,0,1
A person takes a walk next to the sea.,https://p0.pikist.com/photos/881/291/boy-walk-bucket-alone-sand-beach-seaside-sea-seascape-thumbnail.jpg,https://thumbs.dreamstime.com/z/%D0%BC%D0%B0%D0%BB%D1%8C%D1%87%D0%B8%D0%BA-%D1%81%D0%BA%D0%B0%D1%87%D0%B5%D1%82-%D0%BE%D1%82-%D1%81%D0%BA%D0%B0%D0%BB%D1%8B-%D0%B2-%D0%BC%D0%BE%D1%80%D0%B5-%D0%BD%D0%B0-%D0%B3%D0%BE%D1%80%D1%8F%D1%87%D0%B8%D0%B9-%D0%BB%D0%B5%D1%82%D0%BD%D0%B8%D0%B9-%D0%B4%D0%B5%D0%BD%D1%8C-%D0%BF%D1%80%D0%B0%D0%B7%D0%B4%D0%BD%D0%B8%D0%BA%D0%B8-%D0%BF%D0%BB%D1%8F%D0%B6%D0%B5-124205312.jpg,0,1
A woman is walking along the sea.,https://image.freepik.com/darmowe-zdjecie/portret-kobiety-piekny-mlody-azjatykci-spacer-na-plazy-i-dennym-oceanie-z-usmiechem-szczesliwym-relaksuje_74190-8309.jpg,https://c8.alamy.com/comp/H41M4F/sea-women-bikini-run-water-shallowly-happy-20-30-years-21-years-swimwear-H41M4F.jpg,0,1
A man walks by the sea.,https://media.istockphoto.com/photos/man-walk-on-beach-at-rusty-pedal-boat-autumn-sea-picture-id512220128?k=6&m=512220128&s=612x612&w=0&h=owsAtoqZ0WQ3NgNnLfhMHP3Fl73uvGHB1JTPNdA2tRw=,https://st3.depositphotos.com/1869121/36298/v/600/depositphotos_362989322-stock-video-legs-of-a-man-in.jpg,0,1
A WOMAN WALKS BY THE SEA,https://p1.pxfuel.com/preview/1017/442/332/woman-beach-walk.jpg,https://i.pinimg.com/originals/d3/5a/6d/d35a6dfa4fa079e956215a0a996e8a52.jpg,0,1
A person runs along the sea.,https://www.crushpixel.com/static7/preview2/beautiful-woman-run-sea-91907.jpg,https://previews.123rf.com/images/maridav/maridav1803/maridav180300142/98009451-%E8%87%AA%E7%84%B6%E3%81%AE%E5%B1%B1%E3%81%A7%E3%83%88%E3%83%AC%E3%82%A4%E3%83%AB%E3%83%A9%E3%83%B3%E3%81%A7%E8%B6%85%E3%83%A9%E3%83%B3%E3%83%8B%E3%83%B3%E3%82%B0%E7%94%B7%E3%82%A2%E3%82%B9%E3%83%AA%E3%83%BC%E3%83%88%E3%83%A9%E3%83%B3%E3%83%8A%E3%83%BC%E3%80%82%E8%80%90%E4%B9%85%E3%82%B9%E3%83%9D%E3%83%BC%E3%83%84%E5%81%A5%E5%BA%B7%E7%9A%84%E3%81%AA%E3%82%A2%E3%82%AF%E3%83%86%E3%82%A3%E3%83%96%E3%81%AA%E3%83%A9%E3%82%A4%E3%83%95%E3%82%B9%E3%82%BF%E3%82%A4%E3%83%AB%E3%80%82%E3%83%95%E3%82%A3%E3%83%83%E3%83%88%E3%83%8D%E3%82%B9%E3%81%AE%E3%83%A2%E3%83%81%E3%83%99%E3%83%BC%E3%82%B7%E3%83%A7.jpg,0,1
A woman goes for a walk in a meadow.,https://c8.alamy.com/comp/MTE4F0/young-woman-enjoys-outdoor-walk-model-in-shorts-walks-along-green-meadow-MTE4F0.jpg,https://c8.alamy.com/comp/T9TGC5/girl-tender-blonde-sniff-tiny-flower-while-sit-on-green-grass-meadow-pure-and-tender-concept-woman-enjoy-relax-nature-background-lady-enjoy-tender-T9TGC5.jpg,0,1
A person takes a run on street,http://files.strani.domenca.com/domovanje773/image/npfu4gffz7e-martins-zemlickis.jpg,https://c0.wallpaperflare.com/preview/316/646/437/person-team-run-race.jpg,0,1
A person stands along the dock at a lake.,http://previews.123rf.com/images/sliper84/sliper841409/sliper84140900057/32098152-in-bianco-e-nero-astratto-del-paesaggio-con-l-uomo-stare-sul-ponte-di-legno-nel-lago-all-alba-Archivio-Fotografico.jpg,https://www.standbanner.co.uk/photos/lectern-podium.jpg,0,1
A man walks around the lake.,https://i.pinimg.com/736x/45/e0/c6/45e0c65144fb885d210e5eedb91127b5.jpg,https://i.pinimg.com/564x/6b/66/73/6b66736f32d4edea15264693a1c6c13f.jpg,0,1
A woman walks along the shore of a lake.,https://elements-video-cover-images-0.imgix.net/files/5d18785f-99a3-41ce-b542-be0e4cb2fbd2/inline_image_preview.jpg?auto=compress%2Cformat&fit=min&h=394&w=700&s=fb83453584b0f6fccd53a15985773847,https://www.mediastorehouse.com/t/164/man-woman-walk-sea-high-winds-troon-19536035.jpg,0,1
A man walks the lake.,https://c8.alamy.com/comp/B0R1FD/black-and-white-image-of-man-walking-near-lake-with-round-bouys-B0R1FD.jpg,http://enalmh.eu/images/asal.jpg,0,1
A woman stands in a meadow.,http://c8.alamy.com/comp/M6DY1C/long-hair-woman-photographer-stand-on-meadow-and-wait-for-sunrise-M6DY1C.jpg,https://thumbs.dreamstime.com/z/%D0%B6%D0%B5%D0%BD%D1%89%D0%B8%D0%BD%D0%B0-%D1%81-%D0%BD%D0%BE%D1%83%D1%82%D0%B1%D1%83%D0%BA%D0%BE%D0%BC-%D1%81%D0%B8%D0%B4%D0%B8%D1%82-%D0%BD%D0%B0-%D0%BA%D0%BE%D0%B2%D1%80%D0%BE%D0%B2%D0%BE%D0%BC-%D1%82%D1%80%D0%B0%D0%B2%D0%B5-%D1%88%D0%B0%D0%B3%D0%B8-%D0%BF%D0%BE-%D0%BD%D0%B0%D1%87%D0%B0%D0%BB%D1%83-%D0%B1%D0%B8%D0%B7%D0%BD%D0%B5%D1%81%D0%B0-159029265.jpg,0,1
A woman running along the shore.,https://thumbs.dreamstime.com/z/%CE%B3%CF%85%CE%BD%CE%B1%CE%AF%CE%BA%CE%B1-%CF%80%CE%BF%CF%85-%CE%BF%CF%81%CE%B3%CE%B1%CE%BD%CF%8E%CE%BD%CE%B5%CF%84%CE%B1%CE%B9-%CF%83%CF%84%CE%B7%CE%BD-%CF%80%CE%B1%CF%81%CE%B1%CE%BB%CE%AF%CE%B1-126619971.jpg,https://previews.123rf.com/images/ammentorp/ammentorp1704/ammentorp170400187/76403797-%E8%8B%A5%E3%81%84%E7%94%B7%E3%81%AE%E6%9C%9D%E5%AE%9F%E8%A1%8C%E6%B5%B7%E6%B5%B7%E5%B2%B8%E3%81%AE%E5%B1%8B%E5%A4%96-%E8%8B%A5%E3%81%84%E7%94%B7%E3%80%81%E6%9C%9D%E3%81%AE%E3%83%93%E3%83%BC%E3%83%81%E3%81%A7%E3%83%88%E3%83%AC%E3%83%BC%E3%83%8B%E3%83%B3%E3%82%B0%E3%81%A7%E3%81%99%E3%80%82.jpg,0,1
A boy runs on the beach.,https://previews.123rf.com/images/nadezhda1906/nadezhda19061706/nadezhda1906170600310/80782021-%E5%B9%B8%E3%81%9B%E3%81%AA%E5%B0%91%E5%B9%B4%E3%81%8C%E3%83%93%E3%83%BC%E3%83%81%E3%81%A7%E3%80%81%E6%B3%A2%E3%81%A7%E3%83%97%E3%83%AC%E3%82%A4%E3%82%92%E5%AE%9F%E8%A1%8C.jpg,https://st3.depositphotos.com/2550635/15669/i/1600/depositphotos_156693894-stock-photo-running-man-on-beach-sportsman.jpg,0,1
A woman is sitting at the park.,https://www.photocase.com/photos/2795757-front-view-of-a-young-hipster-woman-sitting-on-grass-in-a-park-while-holding-a-flower-and-smiling-in-a-sunny-day-photocase-stock-photo-large.jpeg,http://thumbs.dreamstime.com/z/el-hombre-hermoso-se-sienta-en-el-parque-22213860.jpg,0,1
The may was lying on the beach.,https://previews.123rf.com/images/erwinova/erwinova0807/erwinova080700001/3253584-man-lie-down-on-tropical-beach-sand.jpg,https://static1.bigstockphoto.com/0/6/2/large1500/260217106.jpg,0,1
A woman runs in a forest.,https://st4.depositphotos.com/7085776/30134/i/1600/depositphotos_301349366-stock-photo-woman-running-in-wooded-forest.jpg,https://image.shutterstock.com/image-photo/trail-running-man-run-forest-600w-1240951717.jpg,0,1
A dog is sitting on the floor.,https://www.wikihow.com/images/thumb/4/4c/Teach-Your-Dog-to-Sit-Step-4-Version-4.jpg/550px-nowatermark-Teach-Your-Dog-to-Sit-Step-4-Version-4.jpg.webp,https://get.wallhere.com/photo/grass-dog-wet-Fetch-stay-training-animal-cute-plant-meadow-sit-lawn-snout-grass-family-dog-like-mammal-canine-dog-breed-retriever-goldenretriever-command-sporting-group-771514.jpg,0,1
A dog sits on a floor.,https://thumbs.dreamstime.com/z/%D1%81%D0%BE%D0%B1%D0%B0%D0%BA%D0%B0-chiba-%D1%81%D0%B8-%D0%B8%D1%82-%D0%BD%D0%B0-%D0%BF%D0%BE-%D0%B5-69282574.jpg,http://static3.depositphotos.com/1002181/155/i/950/depositphotos_1552330-Girl-sit-on-floor-and-reading-book.jpg,0,1
A woman holds a dog.,https://previews.123rf.com/images/tverdohlib/tverdohlib1803/tverdohlib180300072/96677403-%E3%83%90%E3%82%B9%E3%83%AD%E3%83%BC%E3%83%96%E3%81%AB%E3%83%9A%E3%83%B3%E3%82%B7%E3%83%96%E3%81%AA%E9%A1%94%E3%82%92%E3%81%97%E3%81%9F%E5%A5%B3%E6%80%A7%E3%81%AF%E3%83%99%E3%83%83%E3%83%89%E3%81%AB%E5%BA%A7%E3%82%8A%E3%80%81%E7%8A%AC%E3%82%92%E6%8A%B1%E3%81%8D%E3%81%97%E3%82%81%E3%82%8B%E3%80%82%E5%A5%B3%E3%81%AE%E5%AD%90%E3%81%AF%E5%BD%BC%E5%A5%B3%E3%81%AE%E3%83%9A%E3%83%83%E3%83%88%E3%81%AE%E5%AD%90%E7%8A%AC%E3%81%A8%E6%9C%9D%E3%82%92%E6%A5%BD%E3%81%97%E3%82%93%E3%81%A7%E3%81%84%E3%81%BE%E3%81%99%E3%80%82%E9%A0%AD%E3%81%AB%E3%82%BF%E3%82%AA%E3%83%AB%E3%82%92%E6%8C%81%E3%81%A4%E3%82%BB.jpg,https://image.shutterstock.com/image-photo/smiling-young-man-holding-dog-260nw-201034253.jpg,0,1
A dog stands on a floor.,https://thumbs.dreamstime.com/z/%D1%81%D1%82%D0%BE%D0%B9%D0%BA%D0%B0-%D1%81%D0%BE%D0%B1%D0%B0%D0%BA%D0%B8-%D1%83%D0%BB%D1%8B%D0%B1%D0%BA%D0%B8-%D1%81%D1%82%D0%BE%D1%80%D0%BE%D0%BD%D1%8B-%D0%B1%D0%B5%D0%BB%D0%B0%D1%8F-%D0%BD%D0%B0-%D0%BA%D0%B0%D0%BC%D0%B5%D0%BD%D0%BD%D0%BE%D0%BC-%D0%BF%D0%BE%D0%BB%D0%B5-%D0%BA%D1%80%D1%83%D0%BF%D0%BD%D0%BE%D0%B3%D0%BE-%D0%BF%D0%BB%D0%B0%D0%BD%D0%B0-147493002.jpg,https://thumbs.dreamstime.com/z/%D1%81%D1%87%D0%B0%D1%81%D1%82%D0%BB%D0%B8%D0%B2%D0%B0%D1%8F-%D0%BA%D0%BE%D1%80%D0%B8%D1%87%D0%BD%D0%B5%D0%B2%D0%B0%D1%8F-%D0%B1%D0%B5%D0%B7%D0%B4%D0%BE%D0%BC%D0%BD%D0%B0%D1%8F-%D1%81%D0%BE%D0%B1%D0%B0%D0%BA%D0%B0-%D0%BB%D0%B5%D0%B6%D0%B8%D1%82-%D0%BD%D0%B0-%D0%BF%D0%BE%D0%BB%D1%83-158443911.jpg,0,1
A boy runs through the water.,https://st3.depositphotos.com/1022481/17292/i/1600/depositphotos_172925248-stock-photo-happy-smiling-little-boy-run.jpg,https://thumbs.dreamstime.com/z/%D0%BC%D0%B0-%D1%8C%D1%87%D0%B8%D0%BA-%D0%BA%D0%BE%D1%82%D0%BE%D1%80%D1%8B%D0%B9-%D0%BF%D0%BE%D0%B1%D0%B5%D0%B6%D0%B0-%D0%B8-%D0%B2-%D0%BF%D0%B0%D1%80%D0%BA%D0%B5-85040305.jpg,0,1
A girl sits in a field.,https://previews.123rf.com/images/studio-54/studio-541809/studio-54180900019/108577037-full-length-body-beautiful-girl-sit-on-soccer-green-grass-field-sporty-sexy-woman-with-football-ball.jpg,http://keyassets.timeincuk.net/inspirewp/live/wp-content/uploads/sites/3/2007/06/How-to-get-your-gundog-to-sit-630x400.jpg,0,1
The person walked with her team.,https://wwwcache.wral.com/asset/lifestyles/healthteam/2019/05/22/18403539/5ce55061e9f14-media-S109521493-300-DMID1-5ivsqa8qy-640x360.jpg,http://cbsnews1.cbsistatic.com/hub/i/2013/01/03/3b399bb6-a645-11e2-a3f0-029118418759/boateng_AP532180565583.jpg,0,1
A woman walks past trees.,https://previews.123rf.com/images/microstockasia/microstockasia1612/microstockasia161201846/69306277-%E6%9C%A8-%E3%80%85%E3%81%AE%E9%96%93%E3%82%92%E6%AD%A9%E3%81%84%E3%81%A6%E8%8B%A5%E3%81%84%E5%A5%B3%E6%80%A7.jpg,https://previews.123rf.com/images/savconstantine/savconstantine2002/savconstantine200200065/139895827-woman-on-the-pier-girl-in-the-dress-is-walking-on-the-pier-back-view-vacation-walk-and-tourism-.jpg,0,1
A man is walking on the street.,https://st3.depositphotos.com/6202708/17168/i/1600/depositphotos_171689546-stock-photo-man-walk-on-the-street.jpg,https://previews.123rf.com/images/shipskyy/shipskyy1801/shipskyy180100063/93074449-%E8%8B%A5%E3%81%84%E3%81%8B%E3%82%8F%E3%81%84%E3%81%84%E5%A5%B3%E3%81%AE%E5%AD%90%E3%81%8C%E9%80%9A%E3%82%8A%E3%82%92%E6%AD%A9%E3%81%8F%E3%80%82%E7%89%87%E6%89%8B%E3%81%AB%E5%BD%BC%E5%A5%B3%E3%81%AE%E3%82%B9%E3%82%AB%E3%83%BC%E3%83%95%E3%82%92%E6%8E%9B%E3%81%91%E3%80%81%E5%91%A8%E3%82%8A%E3%82%92%E8%A6%8B%E5%9B%9E%E3%81%97%E3%81%BE%E3%81%99%E3%80%82%E6%9A%96%E3%81%8B%E3%81%84%E5%A4%A9%E5%80%99%E3%81%AE%E5%86%AC%E6%9C%8D.jpg,0,1
A man walks down the street.,https://c8.alamy.com/comp/PM5200/city-walk-young-man-walking-on-the-street-pensive-PM5200.jpg,https://previews.123rf.com/images/4559585/45595851903/4559585190300289/119011732-beautiful-young-couple-man-and-woman-walking-wheat-field-in-summer-holding-each-others-hand-smiling-.jpg,0,1
A women walks across the road,https://previews.123rf.com/images/primagefactory/primagefactory1809/primagefactory180900472/108580161-a-travel-woman-taking-a-walk-on-the-road-for-a-break-after-a-long-hour-driving-on-the-mountains-.jpg,https://st4.depositphotos.com/4675599/24017/i/1600/depositphotos_240176112-stock-photo-man-woman-walk-promenade-holding.jpg,0,1
A man walking through trees.,https://cdn.nohat.cc/thumb/f/720/6723189954576384.jpg,https://i.pinimg.com/originals/6c/f4/39/6cf43955aba2f3a6b1c3682e60fca902.jpg,0,1
People walk down the street.,https://img.freepik.com/darmowe-zdjecie/mezczyzna-skrzyzowanie-drogi-na-ruchliwej-ulicy_23-2147932409.jpg?size=626&ext=jpg,https://p0.pikist.com/photos/539/208/beach-walk-mist-contemplative-male-sand-sea-coast-person.jpg,0,1
Players celebrate as a team.,http://bebasmain.net/wp-content/uploads/2017/05/bebasmain-chelsea-champions-premier-league-.jpg,https://www.gftskills.com/wp-content/uploads/2017/03/4.png,0,1
A person walks in a forest.,https://images.unsplash.com/photo-1534970028765-38ce47ef7d8d?ixlib=rb-1.2.1&ixid=eyJhcHBfaWQiOjEyMDd9&auto=format&fit=crop&w=1000&q=80,https://p0.pikist.com/photos/1023/617/man-young-adult-person-running-forest-autumn-nature-trees-thumbnail.jpg,0,1
A person sits against a tree.,https://image.shutterstock.com/image-photo/businessman-leaning-against-tree-resting-260nw-408648217.jpg,https://i0.wp.com/www.telegraph.co.uk/content/dam/men/2016/04/07/treeclimbing_trans_NvBQzQNjv4BqZgEkZX3M936N5BQK4Va8RWtT0gK_6EfZT336f62EI5U.jpg?imwidth=450?resize=91,0,1
A boy swims on a float in the water.,https://st2.depositphotos.com/4460577/12463/i/950/depositphotos_124635590-stock-photo-cute-boy-swimming-in-pool.jpg,https://thumbs.dreamstime.com/z/%E5%B0%8F%E7%94%B7%E5%AD%A9%E5%9C%A8%E6%B2%99%E6%BB%A9%E4%B8%8A%E8%B7%91%E6%B0%B4-%E5%B0%8F%E7%94%B7%E5%AD%A9%E5%9C%A8%E7%83%AD%E5%B8%A6%E6%B5%B7%E6%BB%A9%E4%B8%8A%E5%A5%94%E8%B7%91-180368916.jpg,0,1
A person swims in the water.,https://thumbs.dreamstime.com/z/%CF%87%CE%AD%CF%81%CE%B9-%CE%B5%CE%BD%CF%8C%CF%82-%CF%80%CE%BD%CE%AF%CE%B3%CE%BF%CE%BD%CF%84%CE%B1%CF%82-%CF%80%CF%81%CE%BF%CF%83%CF%8E%CF%80%CE%BF%CF%85-%CF%83%CE%B5-%CE%BC%CE%B9%CE%B1-%CF%80%CE%B9%CF%83%CE%AF%CE%BD%CE%B1-122819234.jpg,https://thumbs.dreamstime.com/z/%D0%BF%D1%80%D0%B8%D0%B2%D0%BB%D0%B5%D0%BA%D0%B0%D1%82%D0%B5%D0%BB%D1%8C%D0%BD%D1%8B%D0%B9-%D1%87%D0%B5%D0%BB%D0%BE%D0%B2%D0%B5%D0%BA-%D1%81%D0%BA%D0%B0%D1%87%D0%B0-%D0%B2-%D0%B2%D0%BE%D0%B4%D1%83-107682948.jpg,0,1
couple walks on pier,https://static2.bigstockphoto.com/2/9/2/large1500/292464964.jpg,https://i.pinimg.com/originals/96/22/f4/9622f4d36aec3998df49c1ea23da3cff.png,0,1
A person holds hands with a girl.,https://previews.123rf.com/images/evgenyjs1/evgenyjs11902/evgenyjs1190200938/116599435-woman-and-man-relationships-hold-hands-isolated-on-white-background-back-view.jpg,https://static3.bigstockphoto.com/4/8/1/large1500/184145065.jpg,0,1
A person sits on a beach.,http://ak.picdn.net/shutterstock/videos/127519/thumb/1.jpg,https://image.shutterstock.com/image-photo/handsome-asian-casual-glasses-man-600w-1238503762.jpg,0,1
A person chose to stand on the beach.,https://thumbs.dreamstime.com/z/%CF%83%CF%84%CE%AC%CF%83%CE%B7-%CE%B1%CF%84%CF%8C%CE%BC%CF%89%CE%BD-%CE%BC%CF%8C%CE%BD%CE%BF-%CF%83%CF%84%CE%B7%CE%BD-%CF%80%CE%B1%CF%81%CE%B1-%CE%AF%CE%B1-73828307.jpg,https://c8.alamy.com/comp/K9N6AH/a-person-standing-at-the-magazine-stand-in-a-newsagents-shop-reading-K9N6AH.jpg,0,1
The girl ran peacefully along the beach.,https://previews.123rf.com/images/chepko/chepko1303/chepko130300073/18521299-%EC%95%84%EB%A6%84%EB%8B%A4%EC%9B%80-%EC%97%AC%EC%9E%90-%ED%95%B4%EB%B3%80%EC%97%90%EC%84%9C-%EC%8B%A4%ED%96%89.jpg,https://previews.123rf.com/images/nadezhda1906/nadezhda19061706/nadezhda1906170600310/80782021-%E5%B9%B8%E3%81%9B%E3%81%AA%E5%B0%91%E5%B9%B4%E3%81%8C%E3%83%93%E3%83%BC%E3%83%81%E3%81%A7%E3%80%81%E6%B3%A2%E3%81%A7%E3%83%97%E3%83%AC%E3%82%A4%E3%82%92%E5%AE%9F%E8%A1%8C.jpg,0,1
A person is sitting on the beach.,https://c8.alamy.com/comp/H4719A/beach-man-barefoot-sit-laptop-person-sandy-beach-sea-computer-portable-H4719A.jpg,https://thumbs.dreamstime.com/b/%CE%BF-%CF%80%CE%B1%CF%84%CE%AD%CF%81%CE%B1%CF%82-%CE%BA%CE%B1%CE%B9-%CE%B3%CE%B9%CE%BF%CF%82-%CF%83%CF%84%CE%B1-%CE%BA%CE%B1%CF%80%CE%AD%CE%BB%CE%B1-santa-%CE%BA%CE%AC%CE%B8%CE%BF%CE%BD%CF%84%CE%B1%CE%B9-%CF%83%CF%84%CE%B7%CE%BD-%CF%89%CE%BA%CE%B5%CE%AC%CE%BD%CE%B9%CE%B1-%CF%80%CE%B1%CF%81%CE%B1%CE%BB%CE%AF%CE%B1-123302829.jpg,0,1
A boy sits on the beach.,https://previews.123rf.com/images/tverdohlib/tverdohlib1610/tverdohlib161000790/64985902-%E6%97%A5%E5%BD%93%E3%81%9F%E3%82%8A%E3%81%AE%E8%89%AF%E3%81%84%E5%A4%8F%E3%81%AE%E6%97%A5%E7%A0%82%E3%81%AE%E5%BB%BA%E7%89%A9%E3%82%BF%E3%83%AF%E3%83%BC%E3%81%AE%E9%9D%92%E3%81%84%E6%B5%B7%E3%81%AE%E3%81%9D%E3%81%B0%E3%81%AE%E5%B0%8F%E7%9F%B3%E3%81%AE%E3%83%93%E3%83%BC%E3%83%81%E3%81%AB%E5%BA%A7%E3%81%A3%E3%81%A6%E3%81%84%E3%82%8B%E6%AF%8D%E3%81%AE%E8%8B%A5%E3%81%84%E5%A5%B3%E6%80%A7%E3%81%A8%E6%81%AF%E5%AD%90%E3%81%AE%E7%94%B7%E3%81%AE%E5%AD%90.jpg,https://cdn7.dissolve.com/p/D1144_2_191/D1144_2_191_1200.jpg,0,1
A child is running across the beach.,https://previews.123rf.com/images/famveldman/famveldman1712/famveldman171200241/92123829-%E7%BE%8E%E3%81%97%E3%81%84%E3%83%93%E3%83%BC%E3%83%81%E3%81%A7%E3%81%AE%E5%AD%90%E3%80%82%E5%AE%9F%E8%A1%8C%E3%81%97%E3%81%A6%E3%82%B8%E3%83%A3%E3%83%B3%E3%83%97%E6%B5%B7%E3%81%A7%E6%B5%B7%E5%B2%B8%E3%81%AE%E5%B0%8F%E3%81%95%E3%81%AA%E7%94%B7%E3%81%AE%E5%AD%90%E3%80%82%E5%AD%90%E4%BE%9B%E3%81%A8%E4%B8%80%E7%B7%92%E3%81%AB%E6%B5%B7%E3%81%AE%E4%BC%91%E6%9A%87%E3%80%82%E5%AD%90%E3%81%A9%E3%82%82%E3%81%9F%E3%81%A1%E3%81%AF%E3%80%81%E5%A4%8F%E3%81%AE%E3%83%93%E3%83%BC%E3%83%81%E3%81%A7%E9%81%8A%E3%81%B6%E3%80%82%E6%B0%B4%E3%81%AE%E6%A5%BD%E3%81%97%E3%81%BF%E3%80%82%E5%AD%90%E4%BE%9B%E3%81%9F.jpg,https://st4.depositphotos.com/1189140/24123/i/1600/depositphotos_241236060-stock-photo-children-boy-girl-swimsuit-sit.jpg,0,1
A woman stands on the beach.,https://st3.depositphotos.com/1010815/18924/i/1600/depositphotos_189247812-stock-photo-sad-caucasian-woman-stand-on.jpg,http://c8.alamy.com/comp/M6DY1C/long-hair-woman-photographer-stand-on-meadow-and-wait-for-sunrise-M6DY1C.jpg,0,1
A man sit on the beach,https://st3.depositphotos.com/7864264/15690/i/1600/depositphotos_156908372-stock-photo-young-handsome-man-on-the.jpg,https://c8.alamy.com/comp/T6E34G/man-walk-surfboard-surfing-beach-T6E34G.jpg,0,1
A girl walks through the forest.,https://s3.envato.com/files/4bfc58b2-e629-4e0a-a8ff-d9aa88b77e35/inline_image_preview.jpg,https://p0.pikist.com/photos/479/983/leiden-girl-walk-walking-street-sunny-urban-city-city-life.jpg,0,1
A kid goes for a walk in the forest.,https://st4.depositphotos.com/4423507/21593/i/1600/depositphotos_215934956-stock-photo-woman-her-child-walk-forest.jpg,https://api.time.com/wp-content/uploads/2015/03/kid-walking-alone.jpg?quality=85,0,1
THE DOG REST IN THE GRASS,https://previews.123rf.com/images/rockingblonde20/rockingblonde201906/rockingblonde20190600001/125587420-dog-laying-to-rest-in-the-grass.jpg,http://thumbs.dreamstime.com/x/man-enjoying-rest-grass-city-park-students-young-people-city-park-concept-healthy-leisure-60256261.jpg,0,1
A boy sits incorrectly in a chair.,http://previews.123rf.com/images/soupstock/soupstock1108/soupstock110800010/10425697-A-group-of-boys-sit-in-school-chairs-One-is-facing-backwards-and-is-wearing-different-clothes-than-t-Stock-Photo.jpg,https://previews.123rf.com/images/kungverylucky/kungverylucky1307/kungverylucky130700629/21124425-%EB%B0%94%EB%8B%A5%EC%97%90-%EC%95%89%EC%95%84-%EC%9B%83%EB%8A%94-%EC%96%B4%EB%A6%B0-%EC%86%8C%EB%85%84.jpg,0,1
Children sit on a beach.,https://c8.alamy.com/comp/H4520J/beach-children-three-sit-back-view-person-siblings-girls-boy-vacation-H4520J.jpg,https://previews.123rf.com/images/marchibas/marchibas1411/marchibas141100004/33254316-%EC%9E%91%EC%9D%80-%EC%96%B4%EB%A6%B0%EC%9D%B4-%ED%98%95%EC%A0%9C%EC%99%80-%EC%9E%90%EB%A7%A4%EB%8A%94-%ED%95%B4%EB%B3%80%EC%97%90%EC%84%9C-%EB%8F%84%EB%B3%B4%EB%A1%9C.jpg,0,1
man stand behind the wall,https://previews.123rf.com/images/ryanking999/ryanking9991702/ryanking999170200409/72735211-apuesto-hombre-de-pie-con-pared-de-ladrillo-asi%C3%A1tico.jpg,https://previews.123rf.com/images/ryanking999/ryanking9991703/ryanking999170300165/72844322-hombre-sentarse-y-sentirse-deprimido-con-pared-de-ladrillo-asi%C3%A1tico.jpg,0,1
The woman is sitting against the wall.,http://www.colourbox.com/preview/5020075-522756-young-woman-sitting-on-the-wooden-floor-against-white-wall.jpg,https://st4.depositphotos.com/1462687/20482/i/1600/depositphotos_204822478-stock-photo-pretty-woman-casual-clothes-sit.jpg,0,1
Man doing exercise sits in front of a wall,https://hips.hearstapps.com/hmg-prod.s3.amazonaws.com/images/workouts/2017/09/wall-sit-1506433841.gif,https://previews.123rf.com/images/ryanking999/ryanking9991702/ryanking999170200409/72735211-apuesto-hombre-de-pie-con-pared-de-ladrillo-asi%C3%A1tico.jpg,0,1
A man is standing on a wall.,https://previews.123rf.com/images/deagreez/deagreez2001/deagreez200104071/139177244-full-size-photo-of-gorgeous-brutal-man-stand-isolated-over-grey-wall-background-touch-hand-his-hairc.jpg,https://thumbs.dreamstime.com/z/%E5%9C%A8%E7%8E%B0-%E4%BC%81%E4%B8%9A%E5%A4%A7%E5%8E%A6%E5%89%8D%E9%9D%A2%E7%9A%84-%E4%BA%BA%E7%AB%8B%E5%9C%BA-32285543.jpg,0,1
A man is standing on a wall.,https://previews.123rf.com/images/deagreez/deagreez2001/deagreez200104071/139177244-full-size-photo-of-gorgeous-brutal-man-stand-isolated-over-grey-wall-background-touch-hand-his-hairc.jpg,https://image.shutterstock.com/z/stock-photo-1297043299.jpg,0,1
a person sitting on the wall,https://c7.uihere.com/files/281/692/909/woman-female-sit-sitting.jpg,https://c0.anyrgb.com/images/795/432/human-person-kid-hide-and-seek-climbing-caucasian-child-denim-playing-sit.jpg,0,1
A person sitting against a wall.,https://previews.123rf.com/images/ryanking999/ryanking9991703/ryanking999170300165/72844322-hombre-sentarse-y-sentirse-deprimido-con-pared-de-ladrillo-asi%C3%A1tico.jpg,https://static1.bigstockphoto.com/1/3/2/large1500/231684076.jpg,0,1
girl standing against wall,https://image.shutterstock.com/z/stock-photo-1297043299.jpg,https://thumbs.dreamstime.com/z/%E5%B0%8F%E4%BA%9A%E6%B4%B2%E5%A5%B3%E5%AD%A9%E7%AB%99%E5%9C%A8%E6%9C%A8%E6%9D%90%E4%B8%8A%EF%BC%8C%E5%9C%A8%E5%85%AC%E5%9B%AD%E6%88%96%E8%8A%B1%E5%9B%AD%E9%87%8C%E7%8E%A9%E8%80%8D%EF%BC%8C%E7%9C%8B%E4%B8%8A%E5%8E%BB%E5%BE%88%E6%9C%89%E8%B6%A3-173974957.jpg,0,1
girl stand near tree,https://st3.depositphotos.com/3072055/15372/i/1600/depositphotos_153721142-stock-photo-portrait-asia-beautiful-girl-stand.jpg,https://image.shutterstock.com/image-photo/little-girl-climbed-on-tree-600w-37486456.jpg,0,1
girl stand near tree,https://st3.depositphotos.com/3072055/15372/i/1600/depositphotos_153721142-stock-photo-portrait-asia-beautiful-girl-stand.jpg,https://image.shutterstock.com/image-photo/little-girl-climbed-on-tree-600w-37486453.jpg,0,1
A woman sits on a tree.,https://c8.alamy.com/comp/G6T6CF/woman-with-smartphone-sitting-on-a-pine-tree-in-a-park-G6T6CF.jpg,https://thumbs.dreamstime.com/z/%CF%83%CE%BA%CE%BF%CF%84%CE%B5%CE%B9%CE%BD%CE%AE-%CE%BC%CE%B1%CE%BB%CE%BB%CE%B9%CE%B1%CF%81%CE%AE-%CF%83%CF%84%CE%AC%CF%83%CE%B7-%CE%B3%CF%85%CE%BD%CE%B1%CE%B9%CE%BA%CF%8E%CE%BD-%CE%BC%CF%80%CF%81%CE%BF%CF%83%CF%84%CE%AC-%CE%B1%CF%80%CF%8C-%CF%84%CE%BF-%CE%B4%CE%AD%CE%BD%CF%84%CF%81%CE%BF-%CE%B7-%CE%B3%CF%85%CE%BD%CE%B1%CE%AF%CE%BA%CE%B1-%CE%AD%CF%87%CE%B5%CE%B9-130211381.jpg,0,1
girl running on the street,https://thumbs.dreamstime.com/z/%D0%BA%D0%BE%D0%BD%D0%BA%D1%83%D1%80%D0%B5%D0%BD%D1%86%D0%B8%D1%8F-%D0%B1%D0%B5%D0%B3%D0%B0-%D0%BD%D0%BE%D1%87%D0%B8-%D0%BC%D0%B0%D0%BB%D0%B5%D0%BD%D1%8C%D0%BA%D0%BE%D0%B9-%D0%B4%D0%B5%D0%B2%D0%BE%D1%87%D0%BA%D0%B8-%D0%B8%D0%B4%D1%83%D1%89%D0%B0%D1%8F-121480825.jpg,https://previews.123rf.com/images/nadezhda1906/nadezhda19062004/nadezhda1906200400283/145623186-happy-boy-and-girl-run-swim-on-beach-kids-enjoy-sea-vacation.jpg,0,1
The man ran on the street.,https://image.shutterstock.com/image-photo/man-run-on-street-be-600w-1355801306.jpg,https://c8.alamy.com/comp/D0XH5Y/trailrunning-trail-running-trail-ramsau-dachstein-styria-austria-man-D0XH5Y.jpg,0,1
A person sits under a tree,https://image.shutterstock.com/image-photo/human-sitting-under-tree-man-260nw-284926268.jpg,https://c8.alamy.com/comp/2C5YYFR/bald-man-with-sportswear-sitting-on-a-chair-on-white-background-2C5YYFR.jpg,0,1
woman sits against tree,http://thumbs.dreamstime.com/z/woman-sitting-under-tree-20872804.jpg,https://thumbs.dreamstime.com/z/%D0%B6%D0%B5%D0%BD%D1%89%D0%B8%D0%BD%D0%B0-%D1%81-%D0%BD%D0%BE%D1%83%D1%82%D0%B1%D1%83%D0%BA%D0%BE%D0%BC-%D1%81%D0%B8%D0%B4%D0%B8%D1%82-%D0%BD%D0%B0-%D0%BA%D0%BE%D0%B2%D1%80%D0%BE%D0%B2%D0%BE%D0%BC-%D1%82%D1%80%D0%B0%D0%B2%D0%B5-%D1%88%D0%B0%D0%B3%D0%B8-%D0%BF%D0%BE-%D0%BD%D0%B0%D1%87%D0%B0%D0%BB%D1%83-%D0%B1%D0%B8%D0%B7%D0%BD%D0%B5%D1%81%D0%B0-159029265.jpg,0,1
A woman in a brown jacket walks by a tree during fall.,http://cdn7.dissolve.com/p/D328_51_028/D328_51_028_0004_600.jpg,https://i.pinimg.com/originals/f8/ee/35/f8ee35fcb5ccacadd5e2c3f6929423d8.jpg,0,1
A man sits on a couch.,https://c8.alamy.com/comp/PX193B/nice-man-sit-on-the-sofa-at-home-PX193B.jpg,https://images.wagwalkingweb.com/media/training_guides/jump-on-the-couch/hero/How-to-Train-Your-Dog-to-Jump-on-the-Couch.jpg,0,1
The boy is sitting on the couch.,https://thumbs.dreamstime.com/z/%CF%84%CE%BF-%CE%B1%CE%B3%CF%8C%CF%81%CE%B9-%CE%BA%CE%AC%CE%B8%CE%B5%CF%84%CE%B1%CE%B9-%CF%83%CF%84%CE%B1-%CF%80%CE%B1%CE%B9%CF%87%CE%BD%CE%AF%CE%B4%CE%B9%CE%B1-%CE%BA%CE%B1%CE%BD%CE%B1%CF%80%CE%AD%CE%B4%CF%89%CE%BD-%CE%BC%CE%B5-%CF%84%CE%B7%CE%BD-%CE%BA%CE%BF%CF%81%CF%85%CF%86%CE%AE-vi-smartphone-%CE%BA%CE%B1%CE%B9-gamepad-129656906.jpg,https://thumbs.dreamstime.com/z/%CE%B4%CF%8D%CE%BF-%CF%87%CE%B1%CF%81%CE%BF%CF%8D%CE%BC%CE%B5%CE%BD%CE%B1-%CF%80%CE%B1%CE%B9%CE%B4%CE%B9%CE%AC-%CE%AD%CE%BD%CE%B1-%CE%B1%CE%B3%CF%8C%CF%81%CE%B9-%CE%BA%CE%B1%CE%B9-%CE%BA%CE%BF%CF%81%CE%AF%CF%84%CF%83%CE%B9-%CE%BE%CE%B1%CF%80%CE%BB%CF%8E%CE%BD%CE%BF%CF%85%CE%BD-%CF%83%CE%B5-%CE%AD%CE%BD%CE%B1%CE%BD-%CE%BA%CE%B1%CE%BD%CE%B1%CF%80%CE%AD-%CE%BC%CE%B5-179937292.jpg,0,1
A man lies on a couch.,https://image.shutterstock.com/image-photo/-260nw-564835174.jpg,https://c8.alamy.com/comp/H40YF5/sofa-woman-lie-enjoy-book-detail-young-blond-long-haired-recreation-H40YF5.jpg,0,1
The woman sits on a couch.,https://previews.123rf.com/images/ryanking999/ryanking9991707/ryanking999170700069/81847257-%E5%A5%B3%E6%80%A7%E3%81%8C%E3%82%BD%E3%83%95%E3%82%A1%E3%83%BC%E3%81%AE%E4%B8%8A%E3%81%AB%E5%BA%A7%E3%82%8B%E3%81%97%E3%80%81%E3%83%AB%E3%83%BC%E3%83%A0%E3%81%AB%E3%81%A6%E3%80%81%E3%81%8A%E6%B0%97%E8%BB%BD%E3%81%AB.jpg,https://previews.123rf.com/images/martinan/martinan1806/martinan180600035/104964411-mature-woman-sitting-on-window-ledge-bed.jpg,0,1
The person is lying on the beach.,https://static2.bigstockphoto.com/8/7/3/large2/378507427.jpg,https://fotomelia.com/wp-content/uploads/2016/05/photos-gratuites-libres-de-droits-domaine-public-creative-commons-t%C3%A9l%C3%A9chargement-libre1-33.jpg,0,1
A girl lying in a field.,https://image.freepik.com/darmowe-zdjecie/blondynka-lezy-w-lozku-na-polu-kwiaty-leza-na-lozku-zielona-trawa-i-biala-posciel-relaks-i-spa_213455-789.jpg,https://ak.picdn.net/shutterstock/videos/1057058681/thumb/1.jpg?ip=x480,0,1
girl sits on floor,http://previews.123rf.com/images/tonic85/tonic851304/tonic85130400145/19093766-Attractive-caucasian-girl-sitting-on-floor-Stock-Photo.jpg,https://thumbs.dreamstime.com/z/%D0%BD%D0%B0%D1%81%D0%BB%D0%B0%D0%B6%D0%B4%D0%B0%D1%82%D1%8C%D1%81%D1%8F-%D0%B2%D1%80%D0%B5%D0%BC%D0%B5%D0%BD%D0%B5%D0%BC-%D0%B2-%D0%BA%D0%BE%D0%BB%D0%BB%D0%B5%D0%B6%D0%B5-%D0%B3%D0%B0%D0%B9-%D0%B8-%D0%B4%D0%B5%D0%B2%D1%83%D1%88%D0%BA%D0%B0-%D1%81%D0%B8%D0%B4%D1%8F%D1%82-%D0%BA%D0%BB%D0%B0%D1%81%D1%81-%D0%B8%D0%B7%D1%83%D1%87%D0%B0%D1%82%D1%8C-%D0%B8%D0%BB%D0%B8-150394705.jpg,0,1
A girl walks down the road.,http://pablomajluf.mx/wp-content/uploads/2012/03/Girl-Walk-All-Day.jpg,https://i.pinimg.com/originals/72/30/8f/72308f2038b3973136990cacf782f59c.jpg,0,1
Girls walking down the street.,http://il8.picdn.net/shutterstock/videos/7508707/thumb/1.jpg,https://st4.depositphotos.com/6202708/20244/i/1600/depositphotos_202449192-stock-photo-sporty-girl-run-street-night.jpg,0,1
Girls walking down the street.,http://il8.picdn.net/shutterstock/videos/7508707/thumb/1.jpg,https://previews.123rf.com/images/elenalmond/elenalmond1604/elenalmond160400002/56997985-%EC%96%B4%EB%A6%B0-%EC%86%8C%EB%85%80%EC%99%80-%EC%86%8C%EB%85%84%EC%9D%98-%EC%BB%A4%ED%94%8C-%EB%B4%84-%EA%B1%B0%EB%A6%AC-%EC%9E%A1%EA%B8%B0-%EC%86%90%EC%97%90-%EA%B1%B8%EC%96%B4.jpg,0,1
A GIRL WALKS IN THE ROAD,http://thumbs.dreamstime.com/z/young-girl-walking-down-road-alone-47590515.jpg,https://thumbs.dreamstime.com/z/%E5%A5%B3%E4%BA%BA%E6%88%B4%E7%9D%80%E5%A2%A8%E9%95%9C%E5%92%8C%E6%B3%A2%E9%9C%8D%E4%B8%9D%E6%8A%AB%E5%B7%BE%E5%9C%A8%E7%A0%81%E5%A4%B4%E4%B8%8A%E8%A1%8C%E8%B5%B0-%E5%A5%B3%E5%AD%A9%E5%9C%A8%E6%B4%AA%E6%9C%A8%E6%B0%B4%E4%B8%8B%E7%A0%81%E5%A4%B4%E4%BC%91%E6%81%AF-%E4%BA%BA%E8%A1%8C%E9%81%93-167287305.jpg,0,1
A man running through the forest.,https://c8.alamy.com/comp/H8N367/man-and-woman-running-in-forest-H8N367.jpg,http://thumbs.dreamstime.com/z/running-man-jogging-beach-fitness-workout-outdoor-sport-sporty-runner-enjoying-run-sea-handsome-fit-athletic-male-71357618.jpg,0,1
A dog rests in the grass.,https://thumbs.dreamstime.com/z/%CE%B3%CE%BF%CF%8D%CE%BD%CE%B9%CE%BD%CE%BF-%CE%BF%CE%BA%CE%BD%CE%B7%CF%81%CF%8C-%CE%B3%CF%81%CF%8D%CE%BB%CF%89%CE%BD-%CF%83%CE%BA%CF%85%CE%BB%CE%AF-%CE%BA%CE%B1%CF%84%CE%BF%CE%B9%CE%BA%CE%AF%CE%B4%CE%B9%CF%89%CE%BD-%CE%B6%CF%8E%CF%89%CE%BD-%CF%84%CE%BF%CF%85-russell-%CF%87%CE%B1%CF%81%CE%B9%CF%84%CF%89%CE%BC%CE%AD%CE%BD%CE%BF-%CF%80%CE%BF%CF%85-126025009.jpg,https://c8.alamy.com/comp/E1XNB0/the-having-a-rest-person-E1XNB0.jpg,0,1
A woman is running in the field.,http://c8.alamy.com/comp/B2XCTF/woman-jogging-in-the-park-on-a-hot-summers-day-step-run-running-field-B2XCTF.jpg,https://previews.123rf.com/images/4559585/45595851903/4559585190300289/119011732-beautiful-young-couple-man-and-woman-walking-wheat-field-in-summer-holding-each-others-hand-smiling-.jpg,0,1
A woman sits in a field.,https://previews.123rf.com/images/studio-54/studio-541809/studio-54180900019/108577037-full-length-body-beautiful-girl-sit-on-soccer-green-grass-field-sporty-sexy-woman-with-football-ball.jpg,https://i.pinimg.com/736x/c6/ce/e5/c6cee56581dfd19b4446f534f647221a--flo-jo-jo-omeara.jpg,0,1
A man stands in a field.,https://image.shutterstock.com/image-photo/man-stand-field-600w-577304944.jpg,http://c8.alamy.com/compde/cx4611/foto-der-schonen-frau-auf-weizenfeld-recht-jugendlich-madchen-stand-auf-dem-goldenen-roggen-land-mit-offenen-handen-angehoben-cx4611.jpg,0,1
A person lies in a field.,http://www.rxharun.com/wp-content/uploads/2017/11/girl_grass_lie_flowers_67421_1920x1080.jpg,https://images.unsplash.com/photo-1530520805891-baf82d3000c9?ixid=MXwxMjA3fDB8MHxjb2xsZWN0aW9uLXBhZ2V8MTZ8ODgxNjY4N3x8ZW58MHx8fA%3D%3D&ixlib=rb-1.2.1&w=1000&q=80,0,1
Boys stand in the field.,https://image.shutterstock.com/image-photo/young-boys-standing-field-shorts-600w-517847896.jpg,https://thumbs.dreamstime.com/b/%CE%BC%CF%8C%CE%BD%CE%BF-%CE%B4%CE%AD%CE%BD%CF%84%CF%81%CE%BF-%CF%83%CF%84%CE%AC%CF%83%CE%B5%CF%89%CE%BD-%CF%83%CF%84%CE%BF%CE%BD-%CF%84%CE%BF%CE%BC%CE%AD%CE%B1-%CF%87%CE%BB%CF%8C%CE%B7%CF%82-%CE%BC%CE%B5-%CF%84%CE%BF-%CE%AC%CF%84%CE%BF%CE%BC%CE%BF-%CF%80%CE%BF%CF%85-%CF%83%CF%84%CE%AD%CE%BA%CE%B5%CF%84%CE%B1%CE%B9-%CF%80%CE%BB%CE%B7%CF%83%CE%AF%CE%BF%CE%BD-147440009.jpg,0,1
The boy is standing on the field,https://thumbs.dreamstime.com/z/%D1%81%D1%82%D0%BE%D0%B9%D0%BA%D0%B0-%D0%BC%D0%B0-%D1%8C%D1%87%D0%B8%D0%BA%D0%B0-%D0%BD%D0%B0-%D1%84%D1%83%D1%82%D0%B1%D0%BE-%D1%8C%D0%BD%D0%BE%D0%BC-%D0%BF%D0%BE-%D0%B5-80055773.jpg,http://c8.alamy.com/compde/cx4611/foto-der-schonen-frau-auf-weizenfeld-recht-jugendlich-madchen-stand-auf-dem-goldenen-roggen-land-mit-offenen-handen-angehoben-cx4611.jpg,0,1
The boys stand on the field.,https://i.pinimg.com/originals/c6/3e/91/c63e9186db1612e9d53aea56c9c96ff6.jpg,https://previews.123rf.com/images/sabthai/sabthai1908/sabthai190800003/128484747-thai-woman-stand-in-green-rice-field-wear-brown-thailand-dress.jpg,0,1
A man stands in a field.,https://image.shutterstock.com/image-photo/man-stand-field-600w-577304944.jpg,http://cdn.ndtv.com/tech/images/gadgets/standing_desk_man_flickr.jpg,0,1
A person takes a run on street,http://files.strani.domenca.com/domovanje773/image/npfu4gffz7e-martins-zemlickis.jpg,https://www.telegraph.co.uk/content/dam/news/2019/11/10/TELEMMGLPICT000215743487_trans_NvBQzQNjv4Bq688n9x0pLg7wrhjlfnO5m1Vse9JsN00kzbUr3IXHaGo.jpeg?imwidth=450,0,1
The child ran down the street.,https://thumbs.dreamstime.com/z/%D0%BC%D0%B0%D0%BB%D0%B5%D0%BD%D1%8C%D0%BA%D0%B8%D0%B9-%D1%80%D0%B5%D0%B1%D0%B5%D0%BD%D0%BE%D0%BA-%D0%B8%D0%BC%D0%B5%D1%8F-%D0%BF%D0%BE%D1%82%D0%B5%D1%85%D1%83-%D0%BF%D1%83%D1%82%D0%B5%D0%BC-%D0%B1%D0%B5%D0%B6%D0%B0%D1%82%D1%8C-%D0%BD%D0%B0-%D1%83%D0%BB%D0%B8%D1%86%D0%B0%D1%85-123531780.jpg,https://st4.depositphotos.com/6202708/20244/i/1600/depositphotos_202449192-stock-photo-sporty-girl-run-street-night.jpg,0,1
People sitting in a meadow.,https://static2.bigstockphoto.com/6/5/2/large1500/256466077.jpg,https://p0.pikist.com/photos/657/663/grass-animal-dog-cute-pet-meadow-sit.jpg,0,1
A mother walks down a road.,https://c8.alamy.com/comp/2A72MRP/mother-and-son-on-a-dirt-road-in-a-path-between-the-rice-fields-rural-landscape-where-a-boy-and-his-mother-walk-along-a-road-in-the-middle-of-an-autu-2A72MRP.jpg,https://live.staticflickr.com/4046/4283127264_479c926523_b.jpg,0,1
The child runs on the beach,https://thumbs.dreamstime.com/b/%E5%8F%AF%E7%88%B1%E7%9A%84%E5%A5%B3%E5%AD%A9%E5%9C%A8%E6%B2%99%E6%BB%A9%E4%B8%8A%E8%B7%91%E6%AD%A5%EF%BC%8C%E5%AD%A9%E5%AD%90%E9%94%BB%E7%82%BC%EF%BC%8C%E5%81%A5%E5%BA%B7%E7%9A%84%E7%94%9F%E6%B4%BB%E6%96%B9%E5%BC%8F-173685795.jpg,https://i.pinimg.com/originals/36/0f/be/360fbe37bb5cb60b90b6f70edf157db8.jpg,0,1
A person holds hands with a young child.,https://image.shutterstock.com/image-photo/close-mother-holding-childs-hand-260nw-1147884746.jpg,http://i0.wp.com/i.dailymail.co.uk/i/pix/2015/07/18/16/2AA44E5200000578-3166418-image-m-15_1437233210898.jpg?quality=80&strip=all,0,1
A child sits on the floor.,https://c8.alamy.com/comp/J63NFC/profile-baby-african-put-sitting-sit-child-floor-humans-human-beings-J63NFC.jpg,https://c8.alamy.com/comp/B9T71A/mum-with-the-child-sit-on-sand-at-the-sea-B9T71A.jpg,0,1
A woman walks down the street.,https://st2.depositphotos.com/4908825/11078/i/950/depositphotos_110785518-stock-photo-sexy-woman-walk-in-city.jpg,http://media.pennlive.com/midstate_impact/photo/-95cc9b0c54cfe27a_large.jpg,0,1
Players are celebrating after the game.,https://cdn.images.express.co.uk/img/dynamic/67/750x445/1254144.jpg,https://i.insider.com/5adf9ed919ee8620008b486d?width=600&format=jpeg&auto=webp,0,1
The man is sitting at the table.,https://previews.123rf.com/images/joruba/joruba1212/joruba121200195/24090702-%E3%82%BF%E3%83%BC-%E3%83%86%E3%83%BC%E3%83%96%E3%83%AB%E3%81%AB%E5%BA%A7%E3%82%8A%E3%80%81%E3%82%A8%E3%83%AC%E3%82%AC%E3%83%B3%E3%83%88%E3%81%AA%E3%83%93%E3%82%B8%E3%83%8D%E3%82%B9%E3%81%AE%E7%94%B7%E6%80%A7.jpg,https://thumbs.dreamstime.com/z/%E7%94%B7%E4%BA%BA%E7%9A%84%E6%89%8B%E6%8F%A1%E7%9D%80%E8%92%B8%E6%B1%BD%E7%86%A8%E6%96%97%E5%92%8C%E7%86%A8%E8%A1%A3%E6%9C%8D-%E5%9C%A8%E8%83%8C%E6%99%AF%E4%B8%AD%EF%BC%8C%E7%86%A8%E8%BF%87%E7%9A%84%E6%AF%9B%E5%B7%BE%E8%BA%BA%E5%9C%A8%E6%A1%8C%E5%AD%90%E4%B8%8A-169544102.jpg,0,1
Woman runs on road.,http://ak5.picdn.net/shutterstock/videos/8626459/thumb/11.jpg?i10c=img.resize(height:160),https://i.pinimg.com/originals/a8/9a/69/a89a69b15302673fda3dbc6c43ed7174.jpg,0,1
the man run on the road,http://ak9.picdn.net/shutterstock/videos/5914109/thumb/11.jpg,https://i.pinimg.com/originals/69/bd/80/69bd8065725d57ccd37c8b8da8e17c71.jpg,0,1
A person runs as a player in competitive sport.,https://get.pxhere.com/photo/person-sport-running-run-player-sports-championship-endurance-athletics-sprint-physical-exercise-junior-gala-mannheim-human-action-endurance-sports-track-and-field-athletics-shot-put-middle-distance-running-749224.jpg,https://i.redd.it/4ipz1533dwq51.jpg,0,1
A person is running in front of a player.,https://d279m997dpfwgl.cloudfront.net/wp/2020/01/B32I1330-Edit-Alex-Flett-1000x800.jpg,http://ak2.picdn.net/shutterstock/videos/7280962/thumb/11.jpg,0,1
A woman lies next to a man on the floor.,https://thumbs.dreamstime.com/z/%CE%BF-%CE%AC%CE%BD-%CF%81%CE%B1%CF%82-%CE%BA%CE%B1%CE%B9-%CE%B7-%CE%B3%CF%85%CE%BD%CE%B1%CE%AF%CE%BA%CE%B1-%CE%B2%CF%81%CE%AF%CF%83%CE%BA%CE%BF%CE%BD%CF%84%CE%B1%CE%B9-%CF%83%CF%84%CE%BF-%CF%80%CE%AC%CF%84%CF%89%CE%BC%CE%B1-%CF%83%CF%84%CE%BF-%CE%BA%CE%B1%CE%B8%CE%B9%CF%83%CF%84%CE%B9%CE%BA%CF%8C-66692375.jpg,https://i.pinimg.com/originals/00/45/a8/0045a8bcea562a1c8c367f24ee6988c1.jpg,0,1
A woman is sitting at the park.,https://www.photocase.com/photos/2795757-front-view-of-a-young-hipster-woman-sitting-on-grass-in-a-park-while-holding-a-flower-and-smiling-in-a-sunny-day-photocase-stock-photo-large.jpeg,https://img.freepik.com/darmowe-zdjecie/dopasowanie-doroslej-szczuplej-kobiety-ma-trening-w-domu-pozytywna-rozochocona-starsza-kobieta-siedzi-na-joga-macie-i-pozie-podczas-cwiczyc-przerwe-dobre-samopoczucie-kobiety-o-pieknym-dopasowanym-wieku_186523-1323.jpg?size=626&ext=jpg,0,1
A woman in a brown jacket walks by a tree during fall.,http://cdn7.dissolve.com/p/D328_51_028/D328_51_028_0004_600.jpg,http://thumbs.dreamstime.com/z/woman-sitting-under-tree-20872804.jpg,0,1
The woman sits on the floor.,https://thumbs.dreamstime.com/z/%CE%B7-%CE%B3%CF%85%CE%BD%CE%B1%CE%AF%CE%BA%CE%B1-frelance-%CE%BA%CE%AC%CE%B8%CE%B5%CF%84%CE%B1%CE%B9-%CF%83%CF%84%CE%BF-%CF%80%CE%AC%CF%84%CF%89%CE%BC%CE%B1-%CE%BC%CE%B5-%CF%84%CE%BF-%CF%83%CE%B7%CE%BC%CE%B5%CE%B9%CF%89%CE%BC%CE%B1%CF%84%CE%AC%CF%81%CE%B9%CE%BF-62489378.jpg,https://as2.ftcdn.net/jpg/02/21/29/01/500_F_221290120_OsJVW0Kbuj5MLAbod29wis9e1Jixw2FB.jpg,0,1
A woman walks on a road.,https://static3.bigstockphoto.com/9/4/3/large1500/349511875.jpg,https://i.pinimg.com/originals/6d/44/a7/6d44a7e7e79ddb7823ae18086d891de4.jpg,0,1
A woman is walking in the sea.,https://c8.alamy.com/comp/XE7CJR/girl-walks-into-the-sea-XE7CJR.jpg,https://thumbs.dreamstime.com/z/%D0%B4%D0%B5%D0%B2%D1%83%D1%88%D0%BA%D0%B0-%D0%B1%D0%B5%D0%B6%D0%B0%D1%82%D1%8C-%D0%BD%D0%B0-%D0%BF%D0%B5%D1%81%D0%BA%D0%B5-%D0%BE%D0%BA%D0%BE-%D0%BE-%D0%B2%D0%BE-%D1%8B-82539594.jpg,0,1
A woman sits facing a tree.,https://p0.pikist.com/photos/559/857/person-woman-bank-nature-tree-sit-rest-wait-mood.jpg,https://i.pinimg.com/originals/f8/ee/35/f8ee35fcb5ccacadd5e2c3f6929423d8.jpg,0,1
The woman sits on the floor.,https://thumbs.dreamstime.com/z/%CE%B7-%CE%B3%CF%85%CE%BD%CE%B1%CE%AF%CE%BA%CE%B1-frelance-%CE%BA%CE%AC%CE%B8%CE%B5%CF%84%CE%B1%CE%B9-%CF%83%CF%84%CE%BF-%CF%80%CE%AC%CF%84%CF%89%CE%BC%CE%B1-%CE%BC%CE%B5-%CF%84%CE%BF-%CF%83%CE%B7%CE%BC%CE%B5%CE%B9%CF%89%CE%BC%CE%B1%CF%84%CE%AC%CF%81%CE%B9%CE%BF-62489378.jpg,http://c8.alamy.com/comp/DC82PC/smiling-kid-sit-on-the-floor-over-white-background-DC82PC.jpg,0,1
A person holds a ball.,https://previews.123rf.com/images/dmvasilenko77/dmvasilenko771805/dmvasilenko77180502792/101814716-inspired-young-cheerful-european-man-fan-or-player-in-yellow-uniform-hold-soccer-ball-cheer-favorite.jpg,https://www.emaratalyoum.com/polopoly_fs/1.1401553.1600866947!/image/image.jpg,0,1
A person sits against a tree.,https://image.shutterstock.com/image-photo/businessman-leaning-against-tree-resting-260nw-408648217.jpg,https://m.media-amazon.com/images/S/aplus-seller-content-images-us-east-1/ATVPDKIKX0DER/ASWT0POF47SDU/B075VD4M9G/fxijYWNDS6Gd._UX800_TTW__.jpg,0,1
A girl lies on the couch.,https://thumbs.dreamstime.com/z/%D1%80%D0%B0%D1%81%D1%81%D1%82%D1%80%D0%BE%D0%B5%D0%BD%D0%BD%D0%B0%D1%8F-%D0%B6%D0%B5%D0%BD%D1%89%D0%B8%D0%BD%D0%B0-%D0%BB%D0%B5%D0%B6%D0%B0-%D0%BD%D0%B0-%D0%BA%D1%80%D0%B5%D1%81%D0%BB%D0%B5-%D1%81%D0%BE-%D1%81%D0%BC%D0%B0%D1%80%D1%82%D1%84%D0%BE%D0%BD%D0%BE%D0%BC-%D0%B2-%D1%80%D1%83%D0%BA%D0%B0%D1%85-132432272.jpg,https://previews.123rf.com/images/ovbelov/ovbelov1809/ovbelov180900125/108169361-little-girl-lies-on-stone-on-the-beach-at-sunset.jpg,0,1
A person holds hands with a girl.,https://previews.123rf.com/images/evgenyjs1/evgenyjs11902/evgenyjs1190200938/116599435-woman-and-man-relationships-hold-hands-isolated-on-white-background-back-view.jpg,https://c8.alamy.com/comp/2B84448/small-girl-without-clothes-on-beach-at-sea-play-with-sticks-2B84448.jpg,0,1
A dog stands in the grass.,https://p0.pikist.com/photos/21/597/meadow-dog-stand-dandelion-animal-pet-out-grass-nature.jpg,https://image.shutterstock.com/image-photo/grass-outdoor-on-back-background-600w-708502795.jpg,0,1
The child did not have to stand in the field.,https://img.freepik.com/darmowe-zdjecie/urocza-rodzina-stoi-wsrod-maku_8353-11004.jpg?size=626&ext=jpg,https://thumbs.dreamstime.com/z/%CF%80%CE%B1%CE%B9-%CE%AF-%CF%80%CE%BF%CF%85-%CF%84%CF%81%CE%AD%CF%87%CE%B5%CE%B9-%CF%83%CE%B5-%CE%AD%CE%BD%CE%B1%CE%BD-%CF%84%CE%BF%CE%BC%CE%AD%CE%B1-82776797.jpg,0,1
A mother and daughter sit in the grass.,https://c8.alamy.com/comp/B9T2N0/mother-with-teenager-on-grass-sit-B9T2N0.jpg,https://previews.123rf.com/images/purino/purino2001/purino200100016/139481518-father-and-mother-and-daughter-sit-on-the-beach.jpg,0,1
A girl sits in the grass.,http://previews.123rf.com/images/daynamore/daynamore1007/daynamore100700042/7352203-pretty-little-girl-sitting-in-the-grass-Stock-Photo-girl-tween-shorts.jpg,https://thumbs.dreamstime.com/b/%CE%B7-%CE%B8%CE%B7%CE%BB%CF%85%CE%BA%CE%AE-%CF%83%CF%84%CE%AC%CF%83%CE%B7-%CE%BD%CE%B5%CE%BF%CE%BB%CE%B1%CE%AF%CE%B1%CF%82-%CF%83%CF%84%CE%B7-%CF%87%CE%BB%CF%8C%CE%B7-25885753.jpg,0,1
A man lies on the floor.,https://c7.uihere.com/files/948/485/191/kowtow-tibet-pilgrimage-street.jpg,https://previews.123rf.com/images/tankist276/tankist2761703/tankist276170300003/73492626-%E8%8B%A5%E3%81%84%E3%82%BB%E3%82%AF%E3%82%B7%E3%83%BC%E3%81%AA%E7%BE%8E%E5%A5%B3%E5%A5%B3%E6%80%A7%E5%98%98%E3%83%9B%E3%83%BC%E3%83%A0%E9%9A%8E%E3%81%A8%E6%9C%AC%E3%82%92%E8%AA%AD%E3%82%80.jpg,0,1
A man sits under a tree.,https://thumbs.dreamstime.com/z/%CE%BF-%CE%BD%CE%B5%CE%B1%CF%81%CF%8C%CF%82-%CE%AC%CE%BD-%CF%81%CE%B1%CF%82-%CE%BA%CE%AC%CE%B8%CE%B5%CF%84%CE%B1%CE%B9-%CE%BA%CE%AC%CF%84%CF%89-%CE%B1%CF%80%CF%8C-%CE%AD%CE%BD%CE%B1-%CE%AD%CE%BD%CF%84%CF%81%CE%BF-78351722.jpg,https://as1.ftcdn.net/jpg/01/69/54/80/500_F_169548028_ME3KgiMkMIq8iO8Lh7BuThesVd9VS79e.jpg,0,1
A man scrolling through his phone while chilling on the floor.,https://static1.bigstockphoto.com/4/3/2/large1500/234599866.jpg,https://c8.alamy.com/comp/X7H8FW/man-sitting-indian-style-on-dune-X7H8FW.jpg,0,1
A woman runs in a park.,https://c8.alamy.com/comp/RH7RY1/woman-on-early-morning-winter-run-through-park-keeping-fit-through-exercise-RH7RY1.jpg,http://i1.ytimg.com/vi/8UE1Bsnmkis/maxresdefault.jpg,0,1
A mother and child run on the beach.,https://img.freepik.com/darmowe-zdjecie/matka-i-dziecko-biegaja-na-piaszczystej-plazy_167657-128.jpg?size=626&ext=jpg,https://image.shutterstock.com/z/stock-photo-father-with-mother-and-daughter-sit-on-beach-in-day-time-and-play-on-sand-69106456.jpg,0,1
A boy walks in the forest.,https://previews.123rf.com/images/jenyaolya/jenyaolya1906/jenyaolya190600036/124355934-little-kid-boy-walking-alone-in-the-forest-.jpg,https://c1.wallpaperflare.com/preview/223/133/131/beach-child-girl-boy.jpg,0,1
Girl sits on a ball.,https://c8.alamy.com/comp/C3TN7M/portrait-of-a-young-girl-sitting-on-gymnastic-ball-looking-at-camera-C3TN7M.jpg,https://thumbs.dreamstime.com/z/%D0%BC%D0%B0-%D0%B5%D0%BD%D1%8C%D0%BA%D0%B0%D1%8F-%D0%B5%D0%B2%D0%BE%D1%87%D0%BA%D0%B0-%D1%81%D0%B8-%D0%B8%D1%82-%D0%B2-%D1%81%D0%B0-%D0%B5-74297871.jpg,0,1
A man sits on his computer in the park.,http://thumbs.dreamstime.com/z/el-hombre-hermoso-se-sienta-en-el-parque-22213860.jpg,https://previews.123rf.com/images/gorlovkv/gorlovkv1907/gorlovkv190700131/127913651-two-senior-friend-man-walking-along-beautiful-colorful-autumn-city-park-pair-of-old-age-persons-talk.jpg,0,1
The man is lying in the grass.,https://i.pinimg.com/originals/8e/13/63/8e1363e8d10a0ce1b8801beced20f87b.jpg,https://c7.alamy.com/comppt/j4085k/homem-de-aparar-a-relva-j4085k.jpg,0,1
A girl runs with a dog.,https://previews.123rf.com/images/amidala/amidala1204/amidala120400042/13230670-%E8%8B%A5%E3%81%84%E5%A5%B3%E3%81%AE%E5%AD%90%E3%81%AF%E7%8A%AC%E3%81%A8%E4%B8%80%E7%B7%92%E3%81%AB%E5%85%AC%E5%9C%92%E3%81%A7%E8%B5%B0%E3%82%8B.jpg,https://image.shutterstock.com/image-photo/labrador-retriever-dog-on-arm-260nw-479610493.jpg,0,1
A person is standing on the beach.,https://previews.123rf.com/images/baramyou0708/baramyou07081905/baramyou0708190500004/122398329-a-lonely-asian-man-stand-alone-on-beach-facing-to-the-sea-in-blue-day-.jpg,https://image.shutterstock.com/image-photo/young-man-standing-by-open-600w-1265711626.jpg,0,1
A person is sitting on the beach.,https://c8.alamy.com/comp/H4719A/beach-man-barefoot-sit-laptop-person-sandy-beach-sea-computer-portable-H4719A.jpg,https://st4.depositphotos.com/16216586/20237/i/1600/depositphotos_202372680-stock-photo-man-stand-beach.jpg,0,1
A person is walking in the field.,https://images.unsplash.com/photo-1530520805891-baf82d3000c9?ixid=MXwxMjA3fDB8MHxjb2xsZWN0aW9uLXBhZ2V8MTZ8ODgxNjY4N3x8ZW58MHx8fA%3D%3D&ixlib=rb-1.2.1&w=1000&q=80,https://img.freepik.com/darmowe-zdjecie/mezczyzna-skrzyzowanie-drogi-na-ruchliwej-ulicy_23-2147932409.jpg?size=626&ext=jpg,0,1
A person sits on the floor.,https://image.freepik.com/foto-gratis/hombre-natural-joven-sienta-piso-madera-expresion-confianza-emocion_1187-16737.jpg,https://c7.uihere.com/files/281/692/909/woman-female-sit-sitting.jpg,0,1
A child sits on a tree.,https://thumbs.dreamstime.com/z/%CF%87%CE%B1%CF%81%CE%B9%CF%84%CF%89%CE%BC%CE%AD%CE%BD%CE%BF-%CE%B4%CE%AD%CE%BD%CF%84%CF%81%CE%BF-%CF%83%CF%85%CE%BD%CE%B5%CE%B4%CF%81%CE%AF-21830841.jpg,https://p0.pikist.com/photos/448/653/child-pink-winter-view-sit-in-the-grass-girl-happy-thumbnail.jpg,0,1
A woman runs down the street following a man.,http://previews.123rf.com/images/creatista/creatista1008/creatista100800147/7622837-Hombre-y-mujer-se-ejecuten-por-calle-coger-taxi--Foto-de-archivo.jpg,https://st2.depositphotos.com/1441511/11313/i/950/depositphotos_113134440-stock-photo-beach-run-fitness-woman-in.jpg,0,1
A woman sitting in the park.,https://image.shutterstock.com/image-photo/woman-sit-park-thinking-about-600w-1426430885.jpg,https://ak.picdn.net/shutterstock/videos/1037719541/thumb/1.jpg?ip=x480,0,1
A little boys sits on the floor.,https://previews.123rf.com/images/kungverylucky/kungverylucky1307/kungverylucky130700629/21124425-%EB%B0%94%EB%8B%A5%EC%97%90-%EC%95%89%EC%95%84-%EC%9B%83%EB%8A%94-%EC%96%B4%EB%A6%B0-%EC%86%8C%EB%85%84.jpg,https://c7.alamy.com/compde/mc9frh/susse-kleine-schwarze-chihuahua-welpen-sitzen-auf-einer-etage-in-schwarz-und-weiss-mc9frh.jpg,0,1
A boy sits on the floor,http://c8.alamy.com/comp/DC82PC/smiling-kid-sit-on-the-floor-over-white-background-DC82PC.jpg,http://image.freepik.com/free-photo/portrait-beautiful-young-asian-woman-sit-floor-use-laptop-computer-yellow-wall_74190-10377.jpg,0,1
A woman stand in the grass,https://media.istockphoto.com/photos/the-man-and-woman-stand-in-the-grass-picture-id1083126966?k=6&m=1083126966&s=170667a&w=0&h=rl0fkobDNz24qw-1FZ-wNjSOIrYonfwbJkfS3t9wtJk=,https://st4.depositphotos.com/7164006/21163/i/1600/depositphotos_211637152-stock-photo-pyla-sur-mer-france-july.jpg,0,1
A man and woman walk in a field.,https://previews.123rf.com/images/4559585/45595851903/4559585190300289/119011732-beautiful-young-couple-man-and-woman-walking-wheat-field-in-summer-holding-each-others-hand-smiling-.jpg,https://thumbs.dreamstime.com/z/%D0%BF%D1%80%D0%BE%D0%B3%D1%83%D0%BB%D0%BA%D0%B0-%D0%B6%D0%B5%D0%BD%D1%89%D0%B8%D0%BD%D1%8B-%D1%81%D0%B0%D0%BC%D0%BE%D1%81%D1%82%D0%BE%D1%8F%D1%82%D0%B5%D0%BB%D1%8C%D0%BD%D0%BE-%D0%BD%D0%B0-%D0%BA%D1%80%D0%B0%D1%81%D0%BD%D1%8B%D1%85-%D0%BF%D0%B5%D1%81%D1%87%D0%B0%D0%BD%D0%BD%D1%8B%D1%85-%D0%B4%D1%8E%D0%BD%D0%B0%D1%85-%D0%B2-ne-mui-106367277.jpg,0,1
a girl stands by the table,https://thumbs.dreamstime.com/z/%CF%84%CE%AD%CF%84%CE%BF%CE%B9%CE%BF-%CE%B4%CF%8D%CF%83%CE%BA%CE%BF%CE%BB%CE%BF-%CE%B8%CE%AD%CE%BC%CE%B1-%CE%BC%CE%B5%CE%BB%CE%AD%CF%84%CE%B7-%CF%84%CF%89%CE%BD-%CE%B4%CF%85%CF%83%CE%BA%CE%BF%CE%BB%CE%B9%CF%8E%CE%BD-%CF%84%CE%BF-%CE%BA%CE%BF%CF%81%CE%AF%CF%84%CF%83%CE%B9-%CE%B4%CE%B9%CE%AC%CE%B2%CE%B1%CF%83%CE%B5-%CE%B2%CE%B9%CE%B2%CE%BB%CE%AF%CE%BF-%CE%B5%CE%BD%CF%8E-124166248.jpg,https://c8.alamy.com/comp/H4DXRA/young-girl-sit-table-mark-paint-H4DXRA.jpg,0,1
A girl is sitting on the chair.,https://image.shutterstock.com/image-photo/fashion-dressed-sexy-woman-sitting-260nw-1728241429.jpg,https://previews.123rf.com/images/antoniodiaz/antoniodiaz1803/antoniodiaz180300204/97642735-beautiful-little-baby-girl-sitting-on-sofa-and-blowing-a-soap-bubbles-in-the-living-room.jpg,0,1
The boy is walk8ng near water.,https://c1.wallpaperflare.com/preview/223/133/131/beach-child-girl-boy.jpg,https://static2.bigstockphoto.com/4/6/2/large1500/264894841.jpg,0,1
A boy stands in the grass.,https://thumbs.dreamstime.com/z/%E6%8B%BF%E7%9D%80%E7%AF%AE%E5%AD%90%E7%9A%84%E5%BF%AB%E4%B9%90%E7%9A%84%E7%94%B7%E5%AD%A9%E6%9C%89%E5%BE%88%E5%A4%9A%E4%BA%94%E9%A2%9C%E5%85%AD%E8%89%B2%E7%9A%84%E5%A4%8D%E6%B4%BB%E8%8A%82%E5%BD%A9%E8%9B%8B%E6%9B%BF%E6%8D%A2%E8%80%85-111262372.jpg,https://i.pinimg.com/originals/c6/3e/91/c63e9186db1612e9d53aea56c9c96ff6.jpg,0,1
A man sits by a lake.,https://c8.alamy.com/comp/P970Y5/man-sit-on-wooden-bench-at-coast-of-picturesque-lake-bellow-blue-mountain-summits-calmness-silence-and-harmony-concept-P970Y5.jpg,https://thumbs.dreamstime.com/z/frau-sitzen-durch-den-see-83778890.jpg,0,1
A boy walks on the beach.,https://previews.123rf.com/images/nadezhda1906/nadezhda19061811/nadezhda1906181100128/111790365-little-boy-and-girl-walk-on-summer-beach.jpg,https://i.pinimg.com/originals/c8/d9/8d/c8d98d3f188082f3e284566ed245145b.jpg,0,1
A child runs in a field.,https://static1.bigstockphoto.com/6/2/3/large1500/326314930.jpg,https://choosetobehappytoo.com/wp-content/uploads/2018/06/choose-to-be-happy-family-on-the-beach-jamaica.jpeg,0,1
A person stand with the team,http://previews.123rf.com/images/tonobalaguer/tonobalaguer1010/tonobalaguer101000051/7907677-Team-of-business-people-group-crowd-full-length-stand-isolated-on-white-background-Stock-Photo.jpg,https://ak.picdn.net/shutterstock/videos/1020414673/thumb/11.jpg?ip=x480,0,1
A woman sits in the grass.,https://thumbs.dreamstime.com/z/%D0%B6%D0%B5%D0%BD%D1%89%D0%B8%D0%BD%D0%B0-%D1%81-%D0%BD%D0%BE%D1%83%D1%82%D0%B1%D1%83%D0%BA%D0%BE%D0%BC-%D1%81%D0%B8%D0%B4%D0%B8%D1%82-%D0%BD%D0%B0-%D0%BA%D0%BE%D0%B2%D1%80%D0%BE%D0%B2%D0%BE%D0%BC-%D1%82%D1%80%D0%B0%D0%B2%D0%B5-%D1%88%D0%B0%D0%B3%D0%B8-%D0%BF%D0%BE-%D0%BD%D0%B0%D1%87%D0%B0%D0%BB%D1%83-%D0%B1%D0%B8%D0%B7%D0%BD%D0%B5%D1%81%D0%B0-159029265.jpg,https://p0.pikist.com/photos/448/653/child-pink-winter-view-sit-in-the-grass-girl-happy-thumbnail.jpg,0,1
A person swims in the sea.,https://p2.piqsels.com/preview/745/553/286/swimming-ocean-sea-water.jpg,https://image.shutterstock.com/image-photo/jumping-cliff-into-sea-young-600w-1517629808.jpg,0,1
A boy sits on the beach.,https://img01.rl0.ru/dc37b7b7449a7a0bc650c2086a265b20/c1300x975/previews.123rf.com/images/relena74/relena741307/relena74130700023/21201191-Boy-plays-with-sand-at-the-beach-Stock-Photo-boy-swimming-trunks.jpg,http://ak.picdn.net/shutterstock/videos/127519/thumb/1.jpg,0,1
A girl walks down the road.,http://pablomajluf.mx/wp-content/uploads/2012/03/Girl-Walk-All-Day.jpg,https://media.istockphoto.com/photos/girl-taking-a-nature-walk-in-the-forest-by-the-river-picture-id1135789852?k=6&m=1135789852&s=170667a&w=0&h=orVNtrioPOVO6l0WRKrf_GmVE63PF92JICqI8AFCxnY=,0,1
A MAN SIT UNDER A TREE,https://previews.123rf.com/images/hideto111/hideto1111609/hideto111160900088/64016198-%EB%85%B8%EC%9D%B8%EC%9D%80-%EB%82%98%EB%AC%B4%EC%9D%98-%EA%B1%B4%EC%A1%B0%ED%95%9C-%EC%A7%80%EC%97%AD%EC%97%90-%EC%95%89%EB%8A%94%EB%8B%A4-.jpg,http://c8.alamy.com/comp/XC8T47/girl-wearing-climbing-ropes-sitting-on-climbing-ledge-on-tree-XC8T47.jpg,0,1
The woman lies on the beach.,https://previews.123rf.com/images/skyman/skyman1304/skyman130400051/19226330-l%C3%A4chelnd-sch%C3%B6ne-frau-liegen-am-strand-zur-entspannung-im-sommer-am-strand-liegen-f%C3%BCr-entspannung-im-sommer.jpg,https://img.artpal.com/71556/2-16-3-23-3-5-16m.jpg,0,1
